date,attraction,city,tourists
2011_01,陽明山遊客中心,臺北市,11937
2011_01,陽明公園,臺北市,96000
2011_01,擎天崗,臺北市,0
2011_01,國立故宮博物院,臺北市,258191
2011_01,淡水漁人碼頭,新北市,122201
2011_01,新北市立黃金博物館,新北市,51945
2011_01,國立自然科學博物館,臺中市,265469
2011_01,國立臺灣美術館(含美術園道商圈),臺中市,0
2011_01,臺中國家歌劇院,臺中市,0
2011_01,日月潭環潭區,南投縣,254449
2011_01,清境農場,南投縣,74804
2011_01,溪頭自然教育園區,南投縣,52415
2011_01,蓮池潭,高雄市,29000
2011_01,國立科學工藝博物館,高雄市,89984
2011_01,高雄市立美術館,高雄市,17002
2011_01,旗津風景區,高雄市,0
2011_01,墾丁國家森林遊樂區,屏東縣,13821
2011_01,國立海洋生物博物館,屏東縣,55786
2011_01,墾丁海水浴場,屏東縣,1923
2011_01,駁二藝術特區,高雄市,148853
2011_02,陽明山遊客中心,臺北市,17581
2011_02,陽明公園,臺北市,414000
2011_02,擎天崗,臺北市,0
2011_02,國立故宮博物院,臺北市,291182
2011_02,淡水漁人碼頭,新北市,172716
2011_02,新北市立黃金博物館,新北市,101321
2011_02,國立自然科學博物館,臺中市,359904
2011_02,國立臺灣美術館(含美術園道商圈),臺中市,0
2011_02,臺中國家歌劇院,臺中市,0
2011_02,日月潭環潭區,南投縣,791068
2011_02,清境農場,南投縣,117365
2011_02,溪頭自然教育園區,南投縣,101406
2011_02,蓮池潭,高雄市,135000
2011_02,國立科學工藝博物館,高雄市,96207
2011_02,高雄市立美術館,高雄市,39350
2011_02,旗津風景區,高雄市,0
2011_02,墾丁國家森林遊樂區,屏東縣,24249
2011_02,國立海洋生物博物館,屏東縣,126940
2011_02,墾丁海水浴場,屏東縣,17363
2011_02,駁二藝術特區,高雄市,335504
2011_03,陽明山遊客中心,臺北市,13094
2011_03,陽明公園,臺北市,611300
2011_03,擎天崗,臺北市,0
2011_03,國立故宮博物院,臺北市,303435
2011_03,淡水漁人碼頭,新北市,126725
2011_03,新北市立黃金博物館,新北市,60288
2011_03,國立自然科學博物館,臺中市,262289
2011_03,國立臺灣美術館(含美術園道商圈),臺中市,0
2011_03,臺中國家歌劇院,臺中市,0
2011_03,日月潭環潭區,南投縣,476228
2011_03,清境農場,南投縣,54117
2011_03,溪頭自然教育園區,南投縣,70228
2011_03,蓮池潭,高雄市,30000
2011_03,國立科學工藝博物館,高雄市,66255
2011_03,高雄市立美術館,高雄市,34388
2011_03,旗津風景區,高雄市,0
2011_03,墾丁國家森林遊樂區,屏東縣,11670
2011_03,國立海洋生物博物館,屏東縣,60766
2011_03,墾丁海水浴場,屏東縣,7537
2011_03,駁二藝術特區,高雄市,48026
2011_04,陽明山遊客中心,臺北市,13306
2011_04,陽明公園,臺北市,92000
2011_04,擎天崗,臺北市,0
2011_04,國立故宮博物院,臺北市,356119
2011_04,淡水漁人碼頭,新北市,230188
2011_04,新北市立黃金博物館,新北市,94371
2011_04,國立自然科學博物館,臺中市,275715
2011_04,國立臺灣美術館(含美術園道商圈),臺中市,0
2011_04,臺中國家歌劇院,臺中市,0
2011_04,日月潭環潭區,南投縣,447556
2011_04,清境農場,南投縣,86888
2011_04,溪頭自然教育園區,南投縣,116409
2011_04,蓮池潭,高雄市,36000
2011_04,國立科學工藝博物館,高雄市,112214
2011_04,高雄市立美術館,高雄市,39002
2011_04,旗津風景區,高雄市,0
2011_04,墾丁國家森林遊樂區,屏東縣,20246
2011_04,國立海洋生物博物館,屏東縣,100353
2011_04,墾丁海水浴場,屏東縣,20900
2011_04,駁二藝術特區,高雄市,55279
2011_05,陽明山遊客中心,臺北市,11248
2011_05,陽明公園,臺北市,42000
2011_05,擎天崗,臺北市,0
2011_05,國立故宮博物院,臺北市,328895
2011_05,淡水漁人碼頭,新北市,217995
2011_05,新北市立黃金博物館,新北市,69075
2011_05,國立自然科學博物館,臺中市,183498
2011_05,國立臺灣美術館(含美術園道商圈),臺中市,0
2011_05,臺中國家歌劇院,臺中市,0
2011_05,日月潭環潭區,南投縣,302800
2011_05,清境農場,南投縣,67894
2011_05,溪頭自然教育園區,南投縣,111947
2011_05,蓮池潭,高雄市,34000
2011_05,國立科學工藝博物館,高雄市,95142
2011_05,高雄市立美術館,高雄市,34062
2011_05,旗津風景區,高雄市,0
2011_05,墾丁國家森林遊樂區,屏東縣,12972
2011_05,國立海洋生物博物館,屏東縣,94653
2011_05,墾丁海水浴場,屏東縣,23979
2011_05,駁二藝術特區,高雄市,116426
2011_06,陽明山遊客中心,臺北市,13140
2011_06,陽明公園,臺北市,33000
2011_06,擎天崗,臺北市,0
2011_06,國立故宮博物院,臺北市,251374
2011_06,淡水漁人碼頭,新北市,292679
2011_06,新北市立黃金博物館,新北市,95083
2011_06,國立自然科學博物館,臺中市,192608
2011_06,國立臺灣美術館(含美術園道商圈),臺中市,0
2011_06,臺中國家歌劇院,臺中市,0
2011_06,日月潭環潭區,南投縣,236974
2011_06,清境農場,南投縣,87628
2011_06,溪頭自然教育園區,南投縣,142306
2011_06,蓮池潭,高雄市,32000
2011_06,國立科學工藝博物館,高雄市,191622
2011_06,高雄市立美術館,高雄市,32871
2011_06,旗津風景區,高雄市,0
2011_06,墾丁國家森林遊樂區,屏東縣,12844
2011_06,國立海洋生物博物館,屏東縣,123142
2011_06,墾丁海水浴場,屏東縣,24603
2011_06,駁二藝術特區,高雄市,55756
2011_07,陽明山遊客中心,臺北市,17282
2011_07,陽明公園,臺北市,56000
2011_07,擎天崗,臺北市,0
2011_07,國立故宮博物院,臺北市,355498
2011_07,淡水漁人碼頭,新北市,352481
2011_07,新北市立黃金博物館,新北市,130811
2011_07,國立自然科學博物館,臺中市,333799
2011_07,國立臺灣美術館(含美術園道商圈),臺中市,0
2011_07,臺中國家歌劇院,臺中市,0
2011_07,日月潭環潭區,南投縣,449010
2011_07,清境農場,南投縣,163722
2011_07,溪頭自然教育園區,南投縣,208099
2011_07,蓮池潭,高雄市,30000
2011_07,國立科學工藝博物館,高雄市,311130
2011_07,高雄市立美術館,高雄市,59220
2011_07,旗津風景區,高雄市,0
2011_07,墾丁國家森林遊樂區,屏東縣,18851
2011_07,國立海洋生物博物館,屏東縣,209020
2011_07,墾丁海水浴場,屏東縣,26913
2011_07,駁二藝術特區,高雄市,222385
2011_08,陽明山遊客中心,臺北市,13201
2011_08,陽明公園,臺北市,49000
2011_08,擎天崗,臺北市,0
2011_08,國立故宮博物院,臺北市,347995
2011_08,淡水漁人碼頭,新北市,303079
2011_08,新北市立黃金博物館,新北市,116645
2011_08,國立自然科學博物館,臺中市,336934
2011_08,國立臺灣美術館(含美術園道商圈),臺中市,0
2011_08,臺中國家歌劇院,臺中市,0
2011_08,日月潭環潭區,南投縣,701090
2011_08,清境農場,南投縣,121474
2011_08,溪頭自然教育園區,南投縣,168344
2011_08,蓮池潭,高雄市,30000
2011_08,國立科學工藝博物館,高雄市,264187
2011_08,高雄市立美術館,高雄市,46789
2011_08,旗津風景區,高雄市,0
2011_08,墾丁國家森林遊樂區,屏東縣,12284
2011_08,國立海洋生物博物館,屏東縣,153105
2011_08,墾丁海水浴場,屏東縣,22821
2011_08,駁二藝術特區,高雄市,188560
2011_09,陽明山遊客中心,臺北市,13785
2011_09,陽明公園,臺北市,42000
2011_09,擎天崗,臺北市,0
2011_09,國立故宮博物院,臺北市,253090
2011_09,淡水漁人碼頭,新北市,325611
2011_09,新北市立黃金博物館,新北市,114656
2011_09,國立自然科學博物館,臺中市,225199
2011_09,國立臺灣美術館(含美術園道商圈),臺中市,0
2011_09,臺中國家歌劇院,臺中市,0
2011_09,日月潭環潭區,南投縣,379484
2011_09,清境農場,南投縣,83489
2011_09,溪頭自然教育園區,南投縣,166187
2011_09,蓮池潭,高雄市,32000
2011_09,國立科學工藝博物館,高雄市,141029
2011_09,高雄市立美術館,高雄市,33125
2011_09,旗津風景區,高雄市,0
2011_09,墾丁國家森林遊樂區,屏東縣,21218
2011_09,國立海洋生物博物館,屏東縣,126125
2011_09,墾丁海水浴場,屏東縣,23648
2011_09,駁二藝術特區,高雄市,55209
2011_10,陽明山遊客中心,臺北市,16426
2011_10,陽明公園,臺北市,39000
2011_10,擎天崗,臺北市,0
2011_10,國立故宮博物院,臺北市,331835
2011_10,淡水漁人碼頭,新北市,333974
2011_10,新北市立黃金博物館,新北市,128808
2011_10,國立自然科學博物館,臺中市,311915
2011_10,國立臺灣美術館(含美術園道商圈),臺中市,0
2011_10,臺中國家歌劇院,臺中市,0
2011_10,日月潭環潭區,南投縣,492307
2011_10,清境農場,南投縣,105746
2011_10,溪頭自然教育園區,南投縣,154848
2011_10,蓮池潭,高雄市,1120000
2011_10,國立科學工藝博物館,高雄市,145488
2011_10,高雄市立美術館,高雄市,65838
2011_10,旗津風景區,高雄市,0
2011_10,墾丁國家森林遊樂區,屏東縣,19448
2011_10,國立海洋生物博物館,屏東縣,129295
2011_10,墾丁海水浴場,屏東縣,22873
2011_10,駁二藝術特區,高雄市,69194
2011_11,陽明山遊客中心,臺北市,10710
2011_11,陽明公園,臺北市,40000
2011_11,擎天崗,臺北市,0
2011_11,國立故宮博物院,臺北市,381051
2011_11,淡水漁人碼頭,新北市,280212
2011_11,新北市立黃金博物館,新北市,159554
2011_11,國立自然科學博物館,臺中市,342297
2011_11,國立臺灣美術館(含美術園道商圈),臺中市,0
2011_11,臺中國家歌劇院,臺中市,0
2011_11,日月潭環潭區,南投縣,432344
2011_11,清境農場,南投縣,89840
2011_11,溪頭自然教育園區,南投縣,123378
2011_11,蓮池潭,高雄市,60000
2011_11,國立科學工藝博物館,高雄市,112596
2011_11,高雄市立美術館,高雄市,48761
2011_11,旗津風景區,高雄市,0
2011_11,墾丁國家森林遊樂區,屏東縣,15435
2011_11,國立海洋生物博物館,屏東縣,81197
2011_11,墾丁海水浴場,屏東縣,22873
2011_11,駁二藝術特區,高雄市,85159
2011_12,陽明山遊客中心,臺北市,11148
2011_12,陽明公園,臺北市,36000
2011_12,擎天崗,臺北市,0
2011_12,國立故宮博物院,臺北市,390912
2011_12,淡水漁人碼頭,新北市,255411
2011_12,新北市立黃金博物館,新北市,125592
2011_12,國立自然科學博物館,臺中市,276012
2011_12,國立臺灣美術館(含美術園道商圈),臺中市,0
2011_12,臺中國家歌劇院,臺中市,0
2011_12,日月潭環潭區,南投縣,386283
2011_12,清境農場,南投縣,96161
2011_12,溪頭自然教育園區,南投縣,114803
2011_12,蓮池潭,高雄市,62000
2011_12,國立科學工藝博物館,高雄市,107954
2011_12,高雄市立美術館,高雄市,42966
2011_12,旗津風景區,高雄市,0
2011_12,墾丁國家森林遊樂區,屏東縣,13847
2011_12,國立海洋生物博物館,屏東縣,58885
2011_12,墾丁海水浴場,屏東縣,13328
2011_12,駁二藝術特區,高雄市,152506
2012_01,陽明山遊客中心,臺北市,12187
2012_01,陽明公園,臺北市,161000
2012_01,擎天崗,臺北市,0
2012_01,國立故宮博物院,臺北市,298037
2012_01,淡水漁人碼頭,新北市,257293
2012_01,新北市立黃金博物館,新北市,133916
2012_01,國立自然科學博物館,臺中市,297580
2012_01,國立臺灣美術館(含美術園道商圈),臺中市,0
2012_01,臺中國家歌劇院,臺中市,0
2012_01,日月潭環潭區,南投縣,397982
2012_01,清境農場,南投縣,102698
2012_01,溪頭自然教育園區,南投縣,90648
2012_01,蓮池潭,高雄市,170000
2012_01,國立科學工藝博物館,高雄市,154390
2012_01,高雄市立美術館,高雄市,141253
2012_01,旗津風景區,高雄市,563288
2012_01,墾丁國家森林遊樂區,屏東縣,25597
2012_01,國立海洋生物博物館,屏東縣,122144
2012_01,墾丁海水浴場,屏東縣,17060
2012_01,駁二藝術特區,高雄市,457502
2012_02,陽明山遊客中心,臺北市,18612
2012_02,陽明公園,臺北市,463000
2012_02,擎天崗,臺北市,0
2012_02,國立故宮博物院,臺北市,329963
2012_02,淡水漁人碼頭,新北市,233396
2012_02,新北市立黃金博物館,新北市,122711
2012_02,國立自然科學博物館,臺中市,266656
2012_02,國立臺灣美術館(含美術園道商圈),臺中市,0
2012_02,臺中國家歌劇院,臺中市,0
2012_02,日月潭環潭區,南投縣,744315
2012_02,清境農場,南投縣,76293
2012_02,溪頭自然教育園區,南投縣,82678
2012_02,蓮池潭,高雄市,45000
2012_02,國立科學工藝博物館,高雄市,112645
2012_02,高雄市立美術館,高雄市,117150
2012_02,旗津風景區,高雄市,498894
2012_02,墾丁國家森林遊樂區,屏東縣,14568
2012_02,國立海洋生物博物館,屏東縣,81096
2012_02,墾丁海水浴場,屏東縣,17165
2012_02,駁二藝術特區,高雄市,357965
2012_03,陽明山遊客中心,臺北市,18580
2012_03,陽明公園,臺北市,705200
2012_03,擎天崗,臺北市,0
2012_03,國立故宮博物院,臺北市,426229
2012_03,淡水漁人碼頭,新北市,279459
2012_03,新北市立黃金博物館,新北市,120575
2012_03,國立自然科學博物館,臺中市,205678
2012_03,國立臺灣美術館(含美術園道商圈),臺中市,0
2012_03,臺中國家歌劇院,臺中市,0
2012_03,日月潭環潭區,南投縣,541968
2012_03,清境農場,南投縣,63003
2012_03,溪頭自然教育園區,南投縣,99675
2012_03,蓮池潭,高雄市,30000
2012_03,國立科學工藝博物館,高雄市,303590
2012_03,高雄市立美術館,高雄市,83966
2012_03,旗津風景區,高雄市,422422
2012_03,墾丁國家森林遊樂區,屏東縣,14271
2012_03,國立海洋生物博物館,屏東縣,67881
2012_03,墾丁海水浴場,屏東縣,22834
2012_03,駁二藝術特區,高雄市,237498
2012_04,陽明山遊客中心,臺北市,13329
2012_04,陽明公園,臺北市,85600
2012_04,擎天崗,臺北市,0
2012_04,國立故宮博物院,臺北市,464262
2012_04,淡水漁人碼頭,新北市,282907
2012_04,新北市立黃金博物館,新北市,145568
2012_04,國立自然科學博物館,臺中市,223141
2012_04,國立臺灣美術館(含美術園道商圈),臺中市,0
2012_04,臺中國家歌劇院,臺中市,0
2012_04,日月潭環潭區,南投縣,528040
2012_04,清境農場,南投縣,79777
2012_04,溪頭自然教育園區,南投縣,117567
2012_04,蓮池潭,高雄市,32000
2012_04,國立科學工藝博物館,高雄市,424343
2012_04,高雄市立美術館,高雄市,61880
2012_04,旗津風景區,高雄市,451577
2012_04,墾丁國家森林遊樂區,屏東縣,15266
2012_04,國立海洋生物博物館,屏東縣,91924
2012_04,墾丁海水浴場,屏東縣,20202
2012_04,駁二藝術特區,高雄市,154091
2012_05,陽明山遊客中心,臺北市,14179
2012_05,陽明公園,臺北市,38600
2012_05,擎天崗,臺北市,0
2012_05,國立故宮博物院,臺北市,421357
2012_05,淡水漁人碼頭,新北市,285076
2012_05,新北市立黃金博物館,新北市,131076
2012_05,國立自然科學博物館,臺中市,195094
2012_05,國立臺灣美術館(含美術園道商圈),臺中市,0
2012_05,臺中國家歌劇院,臺中市,0
2012_05,日月潭環潭區,南投縣,354536
2012_05,清境農場,南投縣,62526
2012_05,溪頭自然教育園區,南投縣,119051
2012_05,蓮池潭,高雄市,32000
2012_05,國立科學工藝博物館,高雄市,306819
2012_05,高雄市立美術館,高雄市,48203
2012_05,旗津風景區,高雄市,380353
2012_05,墾丁國家森林遊樂區,屏東縣,11702
2012_05,國立海洋生物博物館,屏東縣,96613
2012_05,墾丁海水浴場,屏東縣,23984
2012_05,駁二藝術特區,高雄市,148240
2012_06,陽明山遊客中心,臺北市,11397
2012_06,陽明公園,臺北市,28000
2012_06,擎天崗,臺北市,0
2012_06,國立故宮博物院,臺北市,309928
2012_06,淡水漁人碼頭,新北市,272139
2012_06,新北市立黃金博物館,新北市,131076
2012_06,國立自然科學博物館,臺中市,174806
2012_06,國立臺灣美術館(含美術園道商圈),臺中市,0
2012_06,臺中國家歌劇院,臺中市,0
2012_06,日月潭環潭區,南投縣,248707
2012_06,清境農場,南投縣,45964
2012_06,溪頭自然教育園區,南投縣,94663
2012_06,蓮池潭,高雄市,30000
2012_06,國立科學工藝博物館,高雄市,89524
2012_06,高雄市立美術館,高雄市,45182
2012_06,旗津風景區,高雄市,380353
2012_06,墾丁國家森林遊樂區,屏東縣,8605
2012_06,國立海洋生物博物館,屏東縣,100207
2012_06,墾丁海水浴場,屏東縣,22860
2012_06,駁二藝術特區,高雄市,47049
2012_07,陽明山遊客中心,臺北市,16000
2012_07,陽明公園,臺北市,51700
2012_07,擎天崗,臺北市,0
2012_07,國立故宮博物院,臺北市,375416
2012_07,淡水漁人碼頭,新北市,342855
2012_07,新北市立黃金博物館,新北市,205353
2012_07,國立自然科學博物館,臺中市,328805
2012_07,國立臺灣美術館(含美術園道商圈),臺中市,0
2012_07,臺中國家歌劇院,臺中市,0
2012_07,日月潭環潭區,南投縣,490345
2012_07,清境農場,南投縣,138505
2012_07,溪頭自然教育園區,南投縣,214832
2012_07,蓮池潭,高雄市,32000
2012_07,國立科學工藝博物館,高雄市,164337
2012_07,高雄市立美術館,高雄市,83082
2012_07,旗津風景區,高雄市,560214
2012_07,墾丁國家森林遊樂區,屏東縣,18055
2012_07,國立海洋生物博物館,屏東縣,201609
2012_07,墾丁海水浴場,屏東縣,26704
2012_07,駁二藝術特區,高雄市,99668
2012_08,陽明山遊客中心,臺北市,11791
2012_08,陽明公園,臺北市,44700
2012_08,擎天崗,臺北市,0
2012_08,國立故宮博物院,臺北市,367686
2012_08,淡水漁人碼頭,新北市,287964
2012_08,新北市立黃金博物館,新北市,186222
2012_08,國立自然科學博物館,臺中市,289978
2012_08,國立臺灣美術館(含美術園道商圈),臺中市,0
2012_08,臺中國家歌劇院,臺中市,0
2012_08,日月潭環潭區,南投縣,579880
2012_08,清境農場,南投縣,97512
2012_08,溪頭自然教育園區,南投縣,147409
2012_08,蓮池潭,高雄市,30000
2012_08,國立科學工藝博物館,高雄市,145800
2012_08,高雄市立美術館,高雄市,68383
2012_08,旗津風景區,高雄市,433915
2012_08,墾丁國家森林遊樂區,屏東縣,7673
2012_08,國立海洋生物博物館,屏東縣,152052
2012_08,墾丁海水浴場,屏東縣,20600
2012_08,駁二藝術特區,高雄市,95503
2012_09,陽明山遊客中心,臺北市,10469
2012_09,陽明公園,臺北市,39000
2012_09,擎天崗,臺北市,0
2012_09,國立故宮博物院,臺北市,279346
2012_09,淡水漁人碼頭,新北市,280981
2012_09,新北市立黃金博物館,新北市,152238
2012_09,國立自然科學博物館,臺中市,210685
2012_09,國立臺灣美術館(含美術園道商圈),臺中市,0
2012_09,臺中國家歌劇院,臺中市,0
2012_09,日月潭環潭區,南投縣,368433
2012_09,清境農場,南投縣,78117
2012_09,溪頭自然教育園區,南投縣,129458
2012_09,蓮池潭,高雄市,66000
2012_09,國立科學工藝博物館,高雄市,99339
2012_09,高雄市立美術館,高雄市,69003
2012_09,旗津風景區,高雄市,445254
2012_09,墾丁國家森林遊樂區,屏東縣,13735
2012_09,國立海洋生物博物館,屏東縣,102565
2012_09,墾丁海水浴場,屏東縣,24239
2012_09,駁二藝術特區,高雄市,94425
2012_10,陽明山遊客中心,臺北市,11515
2012_10,陽明公園,臺北市,36000
2012_10,擎天崗,臺北市,0
2012_10,國立故宮博物院,臺北市,345925
2012_10,淡水漁人碼頭,新北市,322850
2012_10,新北市立黃金博物館,新北市,157793
2012_10,國立自然科學博物館,臺中市,218440
2012_10,國立臺灣美術館(含美術園道商圈),臺中市,0
2012_10,臺中國家歌劇院,臺中市,0
2012_10,日月潭環潭區,南投縣,405769
2012_10,清境農場,南投縣,107724
2012_10,溪頭自然教育園區,南投縣,140280
2012_10,蓮池潭,高雄市,1550000
2012_10,國立科學工藝博物館,高雄市,137487
2012_10,高雄市立美術館,高雄市,79925
2012_10,旗津風景區,高雄市,451999
2012_10,墾丁國家森林遊樂區,屏東縣,16236
2012_10,國立海洋生物博物館,屏東縣,106725
2012_10,墾丁海水浴場,屏東縣,23101
2012_10,駁二藝術特區,高雄市,405490
2012_11,陽明山遊客中心,臺北市,6896
2012_11,陽明公園,臺北市,35000
2012_11,擎天崗,臺北市,0
2012_11,國立故宮博物院,臺北市,370956
2012_11,淡水漁人碼頭,新北市,256398
2012_11,新北市立黃金博物館,新北市,141419
2012_11,國立自然科學博物館,臺中市,231326
2012_11,國立臺灣美術館(含美術園道商圈),臺中市,0
2012_11,臺中國家歌劇院,臺中市,0
2012_11,日月潭環潭區,南投縣,383647
2012_11,清境農場,南投縣,90899
2012_11,溪頭自然教育園區,南投縣,110591
2012_11,蓮池潭,高雄市,68800
2012_11,國立科學工藝博物館,高雄市,89260
2012_11,高雄市立美術館,高雄市,89247
2012_11,旗津風景區,高雄市,384982
2012_11,墾丁國家森林遊樂區,屏東縣,14489
2012_11,國立海洋生物博物館,屏東縣,81828
2012_11,墾丁海水浴場,屏東縣,22396
2012_11,駁二藝術特區,高雄市,120018
2012_12,陽明山遊客中心,臺北市,9631
2012_12,陽明公園,臺北市,33000
2012_12,擎天崗,臺北市,0
2012_12,國立故宮博物院,臺北市,371710
2012_12,淡水漁人碼頭,新北市,257840
2012_12,新北市立黃金博物館,新北市,146568
2012_12,國立自然科學博物館,臺中市,311734
2012_12,國立臺灣美術館(含美術園道商圈),臺中市,0
2012_12,臺中國家歌劇院,臺中市,0
2012_12,日月潭環潭區,南投縣,381721
2012_12,清境農場,南投縣,103557
2012_12,溪頭自然教育園區,南投縣,102674
2012_12,蓮池潭,高雄市,96184
2012_12,國立科學工藝博物館,高雄市,147419
2012_12,高雄市立美術館,高雄市,99857
2012_12,旗津風景區,高雄市,447474
2012_12,墾丁國家森林遊樂區,屏東縣,14671
2012_12,國立海洋生物博物館,屏東縣,83013
2012_12,墾丁海水浴場,屏東縣,117633
2012_12,駁二藝術特區,高雄市,234827
2013_01,陽明山遊客中心,臺北市,18133
2013_01,陽明公園,臺北市,114000
2013_01,擎天崗,臺北市,0
2013_01,國立故宮博物院,臺北市,304278
2013_01,淡水漁人碼頭,新北市,225868
2013_01,新北市立黃金博物館,新北市,100379
2013_01,國立自然科學博物館,臺中市,246255
2013_01,國立臺灣美術館(含美術園道商圈),臺中市,80251
2013_01,臺中國家歌劇院,臺中市,0
2013_01,日月潭環潭區,南投縣,278025
2013_01,清境農場,南投縣,67272
2013_01,溪頭自然教育園區,南投縣,73932
2013_01,蓮池潭,高雄市,94568
2013_01,國立科學工藝博物館,高雄市,134056
2013_01,高雄市立美術館,高雄市,97361
2013_01,旗津風景區,高雄市,454150
2013_01,墾丁國家森林遊樂區,屏東縣,9588
2013_01,國立海洋生物博物館,屏東縣,43106
2013_01,墾丁海水浴場,屏東縣,13711
2013_01,駁二藝術特區,高雄市,280395
2013_02,陽明山遊客中心,臺北市,66380
2013_02,陽明公園,臺北市,768000
2013_02,擎天崗,臺北市,0
2013_02,國立故宮博物院,臺北市,324931
2013_02,淡水漁人碼頭,新北市,270694
2013_02,新北市立黃金博物館,新北市,153691
2013_02,國立自然科學博物館,臺中市,341720
2013_02,國立臺灣美術館(含美術園道商圈),臺中市,85721
2013_02,臺中國家歌劇院,臺中市,0
2013_02,日月潭環潭區,南投縣,781181
2013_02,清境農場,南投縣,122607
2013_02,溪頭自然教育園區,南投縣,103835
2013_02,蓮池潭,高雄市,272025
2013_02,國立科學工藝博物館,高雄市,222770
2013_02,高雄市立美術館,高雄市,124198
2013_02,旗津風景區,高雄市,709932
2013_02,墾丁國家森林遊樂區,屏東縣,25470
2013_02,國立海洋生物博物館,屏東縣,132311
2013_02,墾丁海水浴場,屏東縣,21715
2013_02,駁二藝術特區,高雄市,445694
2013_03,陽明山遊客中心,臺北市,28664
2013_03,陽明公園,臺北市,582000
2013_03,擎天崗,臺北市,0
2013_03,國立故宮博物院,臺北市,388409
2013_03,淡水漁人碼頭,新北市,279935
2013_03,新北市立黃金博物館,新北市,133310
2013_03,國立自然科學博物館,臺中市,284650
2013_03,國立臺灣美術館(含美術園道商圈),臺中市,102207
2013_03,臺中國家歌劇院,臺中市,0
2013_03,日月潭環潭區,南投縣,501699
2013_03,清境農場,南投縣,80915
2013_03,溪頭自然教育園區,南投縣,101184
2013_03,蓮池潭,高雄市,86976
2013_03,國立科學工藝博物館,高雄市,218830
2013_03,高雄市立美術館,高雄市,73498
2013_03,旗津風景區,高雄市,485222
2013_03,墾丁國家森林遊樂區,屏東縣,15292
2013_03,國立海洋生物博物館,屏東縣,71500
2013_03,墾丁海水浴場,屏東縣,25219
2013_03,駁二藝術特區,高雄市,206970
2013_04,陽明山遊客中心,臺北市,13106
2013_04,陽明公園,臺北市,76000
2013_04,擎天崗,臺北市,0
2013_04,國立故宮博物院,臺北市,396625
2013_04,淡水漁人碼頭,新北市,235451
2013_04,新北市立黃金博物館,新北市,130318
2013_04,國立自然科學博物館,臺中市,299082
2013_04,國立臺灣美術館(含美術園道商圈),臺中市,113460
2013_04,臺中國家歌劇院,臺中市,0
2013_04,日月潭環潭區,南投縣,405240
2013_04,清境農場,南投縣,58982
2013_04,溪頭自然教育園區,南投縣,97238
2013_04,蓮池潭,高雄市,84160
2013_04,國立科學工藝博物館,高雄市,215227
2013_04,高雄市立美術館,高雄市,76436
2013_04,旗津風景區,高雄市,449684
2013_04,墾丁國家森林遊樂區,屏東縣,16509
2013_04,國立海洋生物博物館,屏東縣,91478
2013_04,墾丁海水浴場,屏東縣,21136
2013_04,駁二藝術特區,高雄市,136870
2013_05,陽明山遊客中心,臺北市,14624
2013_05,陽明公園,臺北市,35800
2013_05,擎天崗,臺北市,0
2013_05,國立故宮博物院,臺北市,333495
2013_05,淡水漁人碼頭,新北市,254444
2013_05,新北市立黃金博物館,新北市,128460
2013_05,國立自然科學博物館,臺中市,288754
2013_05,國立臺灣美術館(含美術園道商圈),臺中市,109721
2013_05,臺中國家歌劇院,臺中市,0
2013_05,日月潭環潭區,南投縣,267023
2013_05,清境農場,南投縣,60530
2013_05,溪頭自然教育園區,南投縣,96658
2013_05,蓮池潭,高雄市,93760
2013_05,國立科學工藝博物館,高雄市,186120
2013_05,高雄市立美術館,高雄市,78313
2013_05,旗津風景區,高雄市,388062
2013_05,墾丁國家森林遊樂區,屏東縣,11597
2013_05,國立海洋生物博物館,屏東縣,89496
2013_05,墾丁海水浴場,屏東縣,24701
2013_05,駁二藝術特區,高雄市,244286
2013_06,陽明山遊客中心,臺北市,12856
2013_06,陽明公園,臺北市,27500
2013_06,擎天崗,臺北市,0
2013_06,國立故宮博物院,臺北市,338163
2013_06,淡水漁人碼頭,新北市,273709
2013_06,新北市立黃金博物館,新北市,157598
2013_06,國立自然科學博物館,臺中市,240907
2013_06,國立臺灣美術館(含美術園道商圈),臺中市,129089
2013_06,臺中國家歌劇院,臺中市,0
2013_06,日月潭環潭區,南投縣,307550
2013_06,清境農場,南投縣,90585
2013_06,溪頭自然教育園區,南投縣,131555
2013_06,蓮池潭,高雄市,93368
2013_06,國立科學工藝博物館,高雄市,198632
2013_06,高雄市立美術館,高雄市,97314
2013_06,旗津風景區,高雄市,494973
2013_06,墾丁國家森林遊樂區,屏東縣,14020
2013_06,國立海洋生物博物館,屏東縣,118851
2013_06,墾丁海水浴場,屏東縣,25795
2013_06,駁二藝術特區,高雄市,97362
2013_07,陽明山遊客中心,臺北市,14267
2013_07,陽明公園,臺北市,44700
2013_07,擎天崗,臺北市,0
2013_07,國立故宮博物院,臺北市,397836
2013_07,淡水漁人碼頭,新北市,270914
2013_07,新北市立黃金博物館,新北市,175310
2013_07,國立自然科學博物館,臺中市,347513
2013_07,國立臺灣美術館(含美術園道商圈),臺中市,132868
2013_07,臺中國家歌劇院,臺中市,0
2013_07,日月潭環潭區,南投縣,318434
2013_07,清境農場,南投縣,124152
2013_07,溪頭自然教育園區,南投縣,164079
2013_07,蓮池潭,高雄市,93760
2013_07,國立科學工藝博物館,高雄市,229788
2013_07,高雄市立美術館,高雄市,123437
2013_07,旗津風景區,高雄市,511109
2013_07,墾丁國家森林遊樂區,屏東縣,17931
2013_07,國立海洋生物博物館,屏東縣,187865
2013_07,墾丁海水浴場,屏東縣,26339
2013_07,駁二藝術特區,高雄市,173282
2013_08,陽明山遊客中心,臺北市,10917
2013_08,陽明公園,臺北市,42500
2013_08,擎天崗,臺北市,0
2013_08,國立故宮博物院,臺北市,472754
2013_08,淡水漁人碼頭,新北市,271930
2013_08,新北市立黃金博物館,新北市,201786
2013_08,國立自然科學博物館,臺中市,357382
2013_08,國立臺灣美術館(含美術園道商圈),臺中市,143384
2013_08,臺中國家歌劇院,臺中市,0
2013_08,日月潭環潭區,南投縣,347076
2013_08,清境農場,南投縣,124399
2013_08,溪頭自然教育園區,南投縣,142991
2013_08,蓮池潭,高雄市,94568
2013_08,國立科學工藝博物館,高雄市,259666
2013_08,高雄市立美術館,高雄市,103525
2013_08,旗津風景區,高雄市,486145
2013_08,墾丁國家森林遊樂區,屏東縣,12932
2013_08,國立海洋生物博物館,屏東縣,187865
2013_08,墾丁海水浴場,屏東縣,26339
2013_08,駁二藝術特區,高雄市,488920
2013_09,陽明山遊客中心,臺北市,8291
2013_09,陽明公園,臺北市,38000
2013_09,擎天崗,臺北市,0
2013_09,國立故宮博物院,臺北市,376983
2013_09,淡水漁人碼頭,新北市,242708
2013_09,新北市立黃金博物館,新北市,146095
2013_09,國立自然科學博物館,臺中市,222636
2013_09,國立臺灣美術館(含美術園道商圈),臺中市,85772
2013_09,臺中國家歌劇院,臺中市,0
2013_09,日月潭環潭區,南投縣,264556
2013_09,清境農場,南投縣,75638
2013_09,溪頭自然教育園區,南投縣,132001
2013_09,蓮池潭,高雄市,92560
2013_09,國立科學工藝博物館,高雄市,160801
2013_09,高雄市立美術館,高雄市,76875
2013_09,旗津風景區,高雄市,451086
2013_09,墾丁國家森林遊樂區,屏東縣,10315
2013_09,國立海洋生物博物館,屏東縣,112867
2013_09,墾丁海水浴場,屏東縣,22749
2013_09,駁二藝術特區,高雄市,276655
2013_10,陽明山遊客中心,臺北市,8156
2013_10,陽明公園,臺北市,35000
2013_10,擎天崗,臺北市,0
2013_10,國立故宮博物院,臺北市,359249
2013_10,淡水漁人碼頭,新北市,251955
2013_10,新北市立黃金博物館,新北市,174478
2013_10,國立自然科學博物館,臺中市,314735
2013_10,國立臺灣美術館(含美術園道商圈),臺中市,83932
2013_10,臺中國家歌劇院,臺中市,0
2013_10,日月潭環潭區,南投縣,329396
2013_10,清境農場,南投縣,109997
2013_10,溪頭自然教育園區,南投縣,125428
2013_10,蓮池潭,高雄市,1925184
2013_10,國立科學工藝博物館,高雄市,154421
2013_10,高雄市立美術館,高雄市,67285
2013_10,旗津風景區,高雄市,493956
2013_10,墾丁國家森林遊樂區,屏東縣,18476
2013_10,國立海洋生物博物館,屏東縣,112374
2013_10,墾丁海水浴場,屏東縣,22932
2013_10,駁二藝術特區,高雄市,332399
2013_11,陽明山遊客中心,臺北市,7192
2013_11,陽明公園,臺北市,32500
2013_11,擎天崗,臺北市,0
2013_11,國立故宮博物院,臺北市,410667
2013_11,淡水漁人碼頭,新北市,260467
2013_11,新北市立黃金博物館,新北市,168765
2013_11,國立自然科學博物館,臺中市,244915
2013_11,國立臺灣美術館(含美術園道商圈),臺中市,76024
2013_11,臺中國家歌劇院,臺中市,0
2013_11,日月潭環潭區,南投縣,300250
2013_11,清境農場,南投縣,116775
2013_11,溪頭自然教育園區,南投縣,130427
2013_11,蓮池潭,高雄市,91752
2013_11,國立科學工藝博物館,高雄市,140730
2013_11,高雄市立美術館,高雄市,59166
2013_11,旗津風景區,高雄市,453681
2013_11,墾丁國家森林遊樂區,屏東縣,14474
2013_11,國立海洋生物博物館,屏東縣,84845
2013_11,墾丁海水浴場,屏東縣,20945
2013_11,駁二藝術特區,高雄市,269549
2013_12,陽明山遊客中心,臺北市,6792
2013_12,陽明公園,臺北市,31000
2013_12,擎天崗,臺北市,0
2013_12,國立故宮博物院,臺北市,397288
2013_12,淡水漁人碼頭,新北市,229430
2013_12,新北市立黃金博物館,新北市,152058
2013_12,國立自然科學博物館,臺中市,210116
2013_12,國立臺灣美術館(含美術園道商圈),臺中市,68258
2013_12,臺中國家歌劇院,臺中市,0
2013_12,日月潭環潭區,南投縣,293990
2013_12,清境農場,南投縣,111435
2013_12,溪頭自然教育園區,南投縣,88349
2013_12,蓮池潭,高雄市,94568
2013_12,國立科學工藝博物館,高雄市,143758
2013_12,高雄市立美術館,高雄市,60385
2013_12,旗津風景區,高雄市,392968
2013_12,墾丁國家森林遊樂區,屏東縣,14254
2013_12,國立海洋生物博物館,屏東縣,67998
2013_12,墾丁海水浴場,屏東縣,21583
2013_12,駁二藝術特區,高雄市,285550
2014_01,陽明山遊客中心,臺北市,30147
2014_01,陽明公園,臺北市,98500
2014_01,擎天崗,臺北市,0
2014_01,國立故宮博物院,臺北市,389257
2014_01,淡水漁人碼頭,新北市,222728
2014_01,新北市立黃金博物館,新北市,151230
2014_01,國立自然科學博物館,臺中市,190478
2014_01,國立臺灣美術館(含美術園道商圈),臺中市,65182
2014_01,臺中國家歌劇院,臺中市,0
2014_01,日月潭環潭區,南投縣,291918
2014_01,清境農場,南投縣,82100
2014_01,溪頭自然教育園區,南投縣,74651
2014_01,蓮池潭,高雄市,124560
2014_01,國立科學工藝博物館,高雄市,115828
2014_01,高雄市立美術館,高雄市,58693
2014_01,旗津風景區,高雄市,449688
2014_01,墾丁國家森林遊樂區,屏東縣,13535
2014_01,國立海洋生物博物館,屏東縣,61532
2014_01,墾丁海水浴場,屏東縣,21281
2014_01,駁二藝術特區,高雄市,448408
2014_02,陽明山遊客中心,臺北市,12587
2014_02,陽明公園,臺北市,1023900
2014_02,擎天崗,臺北市,0
2014_02,國立故宮博物院,臺北市,458965
2014_02,淡水漁人碼頭,新北市,237354
2014_02,新北市立黃金博物館,新北市,188759
2014_02,國立自然科學博物館,臺中市,216261
2014_02,國立臺灣美術館(含美術園道商圈),臺中市,98585
2014_02,臺中國家歌劇院,臺中市,0
2014_02,日月潭環潭區,南投縣,1012946
2014_02,清境農場,南投縣,110787
2014_02,溪頭自然教育園區,南投縣,93336
2014_02,蓮池潭,高雄市,201940
2014_02,國立科學工藝博物館,高雄市,163241
2014_02,高雄市立美術館,高雄市,68873
2014_02,旗津風景區,高雄市,596856
2014_02,墾丁國家森林遊樂區,屏東縣,19604
2014_02,國立海洋生物博物館,屏東縣,112848
2014_02,墾丁海水浴場,屏東縣,20455
2014_02,駁二藝術特區,高雄市,641940
2014_03,陽明山遊客中心,臺北市,10463
2014_03,陽明公園,臺北市,411400
2014_03,擎天崗,臺北市,0
2014_03,國立故宮博物院,臺北市,505251
2014_03,淡水漁人碼頭,新北市,303604
2014_03,新北市立黃金博物館,新北市,162115
2014_03,國立自然科學博物館,臺中市,193967
2014_03,國立臺灣美術館(含美術園道商圈),臺中市,115242
2014_03,臺中國家歌劇院,臺中市,0
2014_03,日月潭環潭區,南投縣,508931
2014_03,清境農場,南投縣,93160
2014_03,溪頭自然教育園區,南投縣,102567
2014_03,蓮池潭,高雄市,95376
2014_03,國立科學工藝博物館,高雄市,104196
2014_03,高雄市立美術館,高雄市,66261
2014_03,旗津風景區,高雄市,520874
2014_03,墾丁國家森林遊樂區,屏東縣,16439
2014_03,國立海洋生物博物館,屏東縣,78730
2014_03,墾丁海水浴場,屏東縣,26976
2014_03,駁二藝術特區,高雄市,284689
2014_04,陽明山遊客中心,臺北市,9435
2014_04,陽明公園,臺北市,78000
2014_04,擎天崗,臺北市,0
2014_04,國立故宮博物院,臺北市,507282
2014_04,淡水漁人碼頭,新北市,246142
2014_04,新北市立黃金博物館,新北市,163714
2014_04,國立自然科學博物館,臺中市,251255
2014_04,國立臺灣美術館(含美術園道商圈),臺中市,118702
2014_04,臺中國家歌劇院,臺中市,0
2014_04,日月潭環潭區,南投縣,438334
2014_04,清境農場,南投縣,98502
2014_04,溪頭自然教育園區,南投縣,127221
2014_04,蓮池潭,高雄市,91752
2014_04,國立科學工藝博物館,高雄市,162005
2014_04,高雄市立美術館,高雄市,68628
2014_04,旗津風景區,高雄市,502775
2014_04,墾丁國家森林遊樂區,屏東縣,17190
2014_04,國立海洋生物博物館,屏東縣,86158
2014_04,墾丁海水浴場,屏東縣,20348
2014_04,駁二藝術特區,高雄市,285729
2014_05,陽明山遊客中心,臺北市,7859
2014_05,陽明公園,臺北市,32800
2014_05,擎天崗,臺北市,0
2014_05,國立故宮博物院,臺北市,496465
2014_05,淡水漁人碼頭,新北市,246069
2014_05,新北市立黃金博物館,新北市,157191
2014_05,國立自然科學博物館,臺中市,240997
2014_05,國立臺灣美術館(含美術園道商圈),臺中市,70882
2014_05,臺中國家歌劇院,臺中市,0
2014_05,日月潭環潭區,南投縣,346201
2014_05,清境農場,南投縣,76261
2014_05,溪頭自然教育園區,南投縣,103978
2014_05,蓮池潭,高雄市,94568
2014_05,國立科學工藝博物館,高雄市,141395
2014_05,高雄市立美術館,高雄市,61855
2014_05,旗津風景區,高雄市,459085
2014_05,墾丁國家森林遊樂區,屏東縣,14921
2014_05,國立海洋生物博物館,屏東縣,115478
2014_05,墾丁海水浴場,屏東縣,27435
2014_05,駁二藝術特區,高雄市,317981
2014_06,陽明山遊客中心,臺北市,10190
2014_06,陽明公園,臺北市,25400
2014_06,擎天崗,臺北市,0
2014_06,國立故宮博物院,臺北市,408086
2014_06,淡水漁人碼頭,新北市,262506
2014_06,新北市立黃金博物館,新北市,178160
2014_06,國立自然科學博物館,臺中市,222157
2014_06,國立臺灣美術館(含美術園道商圈),臺中市,80587
2014_06,臺中國家歌劇院,臺中市,0
2014_06,日月潭環潭區,南投縣,318057
2014_06,清境農場,南投縣,106864
2014_06,溪頭自然教育園區,南投縣,140424
2014_06,蓮池潭,高雄市,92560
2014_06,國立科學工藝博物館,高雄市,130389
2014_06,高雄市立美術館,高雄市,53207
2014_06,旗津風景區,高雄市,451169
2014_06,墾丁國家森林遊樂區,屏東縣,15624
2014_06,國立海洋生物博物館,屏東縣,135843
2014_06,墾丁海水浴場,屏東縣,23997
2014_06,駁二藝術特區,高雄市,281077
2014_07,陽明山遊客中心,臺北市,11561
2014_07,陽明公園,臺北市,43200
2014_07,擎天崗,臺北市,0
2014_07,國立故宮博物院,臺北市,428610
2014_07,淡水漁人碼頭,新北市,274940
2014_07,新北市立黃金博物館,新北市,210745
2014_07,國立自然科學博物館,臺中市,342114
2014_07,國立臺灣美術館(含美術園道商圈),臺中市,109186
2014_07,臺中國家歌劇院,臺中市,0
2014_07,日月潭環潭區,南投縣,365223
2014_07,清境農場,南投縣,159441
2014_07,溪頭自然教育園區,南投縣,208466
2014_07,蓮池潭,高雄市,93760
2014_07,國立科學工藝博物館,高雄市,269211
2014_07,高雄市立美術館,高雄市,89287
2014_07,旗津風景區,高雄市,513881
2014_07,墾丁國家森林遊樂區,屏東縣,20030
2014_07,國立海洋生物博物館,屏東縣,197483
2014_07,墾丁海水浴場,屏東縣,21526
2014_07,駁二藝術特區,高雄市,367302
2014_08,陽明山遊客中心,臺北市,36528
2014_08,陽明公園,臺北市,41500
2014_08,擎天崗,臺北市,0
2014_08,國立故宮博物院,臺北市,453959
2014_08,淡水漁人碼頭,新北市,270449
2014_08,新北市立黃金博物館,新北市,250846
2014_08,國立自然科學博物館,臺中市,373758
2014_08,國立臺灣美術館(含美術園道商圈),臺中市,133314
2014_08,臺中國家歌劇院,臺中市,0
2014_08,日月潭環潭區,南投縣,375908
2014_08,清境農場,南投縣,173470
2014_08,溪頭自然教育園區,南投縣,194221
2014_08,蓮池潭,高雄市,95376
2014_08,國立科學工藝博物館,高雄市,199085
2014_08,高雄市立美術館,高雄市,75915
2014_08,旗津風景區,高雄市,426500
2014_08,墾丁國家森林遊樂區,屏東縣,16788
2014_08,國立海洋生物博物館,屏東縣,185797
2014_08,墾丁海水浴場,屏東縣,26040
2014_08,駁二藝術特區,高雄市,367730
2014_09,陽明山遊客中心,臺北市,9787
2014_09,陽明公園,臺北市,34200
2014_09,擎天崗,臺北市,0
2014_09,國立故宮博物院,臺北市,384277
2014_09,淡水漁人碼頭,新北市,247555
2014_09,新北市立黃金博物館,新北市,177368
2014_09,國立自然科學博物館,臺中市,190580
2014_09,國立臺灣美術館(含美術園道商圈),臺中市,100188
2014_09,臺中國家歌劇院,臺中市,0
2014_09,日月潭環潭區,南投縣,284708
2014_09,清境農場,南投縣,103672
2014_09,溪頭自然教育園區,南投縣,166739
2014_09,蓮池潭,高雄市,91752
2014_09,國立科學工藝博物館,高雄市,171391
2014_09,高雄市立美術館,高雄市,47463
2014_09,旗津風景區,高雄市,391594
2014_09,墾丁國家森林遊樂區,屏東縣,12346
2014_09,國立海洋生物博物館,屏東縣,114384
2014_09,墾丁海水浴場,屏東縣,22678
2014_09,駁二藝術特區,高雄市,155421
2014_10,陽明山遊客中心,臺北市,8593
2014_10,陽明公園,臺北市,33000
2014_10,擎天崗,臺北市,0
2014_10,國立故宮博物院,臺北市,458793
2014_10,淡水漁人碼頭,新北市,254036
2014_10,新北市立黃金博物館,新北市,212851
2014_10,國立自然科學博物館,臺中市,249304
2014_10,國立臺灣美術館(含美術園道商圈),臺中市,134498
2014_10,臺中國家歌劇院,臺中市,0
2014_10,日月潭環潭區,南投縣,396618
2014_10,清境農場,南投縣,149414
2014_10,溪頭自然教育園區,南投縣,161772
2014_10,蓮池潭,高雄市,94568
2014_10,國立科學工藝博物館,高雄市,197881
2014_10,高雄市立美術館,高雄市,79492
2014_10,旗津風景區,高雄市,483951
2014_10,墾丁國家森林遊樂區,屏東縣,20213
2014_10,國立海洋生物博物館,屏東縣,131524
2014_10,墾丁海水浴場,屏東縣,17139
2014_10,駁二藝術特區,高雄市,293756
2014_11,陽明山遊客中心,臺北市,8530
2014_11,陽明公園,臺北市,30500
2014_11,擎天崗,臺北市,0
2014_11,國立故宮博物院,臺北市,448495
2014_11,淡水漁人碼頭,新北市,267760
2014_11,新北市立黃金博物館,新北市,206288
2014_11,國立自然科學博物館,臺中市,248439
2014_11,國立臺灣美術館(含美術園道商圈),臺中市,123268
2014_11,臺中國家歌劇院,臺中市,0
2014_11,日月潭環潭區,南投縣,374063
2014_11,清境農場,南投縣,143363
2014_11,溪頭自然教育園區,南投縣,128547
2014_11,蓮池潭,高雄市,92560
2014_11,國立科學工藝博物館,高雄市,131640
2014_11,高雄市立美術館,高雄市,82149
2014_11,旗津風景區,高雄市,429911
2014_11,墾丁國家森林遊樂區,屏東縣,17715
2014_11,國立海洋生物博物館,屏東縣,80287
2014_11,墾丁海水浴場,屏東縣,23943
2014_11,駁二藝術特區,高雄市,311249
2014_12,陽明山遊客中心,臺北市,6505
2014_12,陽明公園,臺北市,29000
2014_12,擎天崗,臺北市,0
2014_12,國立故宮博物院,臺北市,462885
2014_12,淡水漁人碼頭,新北市,261665
2014_12,新北市立黃金博物館,新北市,176163
2014_12,國立自然科學博物館,臺中市,207904
2014_12,國立臺灣美術館(含美術園道商圈),臺中市,98622
2014_12,臺中國家歌劇院,臺中市,0
2014_12,日月潭環潭區,南投縣,344967
2014_12,清境農場,南投縣,130031
2014_12,溪頭自然教育園區,南投縣,108600
2014_12,蓮池潭,高雄市,92952
2014_12,國立科學工藝博物館,高雄市,147515
2014_12,高雄市立美術館,高雄市,78353
2014_12,旗津風景區,高雄市,380689
2014_12,墾丁國家森林遊樂區,屏東縣,15708
2014_12,國立海洋生物博物館,屏東縣,63300
2014_12,墾丁海水浴場,屏東縣,27167
2014_12,駁二藝術特區,高雄市,272427
2015_01,陽明山遊客中心,臺北市,10773
2015_01,陽明公園,臺北市,94000
2015_01,擎天崗,臺北市,0
2015_01,國立故宮博物院,臺北市,482236
2015_01,淡水漁人碼頭,新北市,242116
2015_01,新北市立黃金博物館,新北市,194184
2015_01,國立自然科學博物館,臺中市,268247
2015_01,國立臺灣美術館(含美術園道商圈),臺中市,140633
2015_01,臺中國家歌劇院,臺中市,0
2015_01,日月潭環潭區,南投縣,338277
2015_01,清境農場,南投縣,109724
2015_01,溪頭自然教育園區,南投縣,102385
2015_01,蓮池潭,高雄市,103788
2015_01,國立科學工藝博物館,高雄市,168347
2015_01,高雄市立美術館,高雄市,80555
2015_01,旗津風景區,高雄市,461937
2015_01,墾丁國家森林遊樂區,屏東縣,15053
2015_01,國立海洋生物博物館,屏東縣,65101
2015_01,墾丁海水浴場,屏東縣,23188
2015_01,駁二藝術特區,高雄市,483225
2015_02,陽明山遊客中心,臺北市,12587
2015_02,陽明公園,臺北市,922000
2015_02,擎天崗,臺北市,0
2015_02,國立故宮博物院,臺北市,533567
2015_02,淡水漁人碼頭,新北市,265826
2015_02,新北市立黃金博物館,新北市,201927
2015_02,國立自然科學博物館,臺中市,292184
2015_02,國立臺灣美術館(含美術園道商圈),臺中市,141008
2015_02,臺中國家歌劇院,臺中市,0
2015_02,日月潭環潭區,南投縣,762194
2015_02,清境農場,南投縣,151604
2015_02,溪頭自然教育園區,南投縣,97006
2015_02,蓮池潭,高雄市,236253
2015_02,國立科學工藝博物館,高雄市,199402
2015_02,高雄市立美術館,高雄市,153677
2015_02,旗津風景區,高雄市,554749
2015_02,墾丁國家森林遊樂區,屏東縣,24999
2015_02,國立海洋生物博物館,屏東縣,122150
2015_02,墾丁海水浴場,屏東縣,23729
2015_02,駁二藝術特區,高雄市,467967
2015_03,陽明山遊客中心,臺北市,10360
2015_03,陽明公園,臺北市,624200
2015_03,擎天崗,臺北市,0
2015_03,國立故宮博物院,臺北市,441972
2015_03,淡水漁人碼頭,新北市,237810
2015_03,新北市立黃金博物館,新北市,147569
2015_03,國立自然科學博物館,臺中市,211371
2015_03,國立臺灣美術館(含美術園道商圈),臺中市,82095
2015_03,臺中國家歌劇院,臺中市,0
2015_03,日月潭環潭區,南投縣,395314
2015_03,清境農場,南投縣,98448
2015_03,溪頭自然教育園區,南投縣,95283
2015_03,蓮池潭,高雄市,94568
2015_03,國立科學工藝博物館,高雄市,107563
2015_03,高雄市立美術館,高雄市,130806
2015_03,旗津風景區,高雄市,446263
2015_03,墾丁國家森林遊樂區,屏東縣,14007
2015_03,國立海洋生物博物館,屏東縣,64470
2015_03,墾丁海水浴場,屏東縣,26063
2015_03,駁二藝術特區,高雄市,217402
2015_04,陽明山遊客中心,臺北市,9315
2015_04,陽明公園,臺北市,76000
2015_04,擎天崗,臺北市,0
2015_04,國立故宮博物院,臺北市,406013
2015_04,淡水漁人碼頭,新北市,255094
2015_04,新北市立黃金博物館,新北市,186403
2015_04,國立自然科學博物館,臺中市,261492
2015_04,國立臺灣美術館(含美術園道商圈),臺中市,82477
2015_04,臺中國家歌劇院,臺中市,0
2015_04,日月潭環潭區,南投縣,427814
2015_04,清境農場,南投縣,107724
2015_04,溪頭自然教育園區,南投縣,138385
2015_04,蓮池潭,高雄市,92560
2015_04,國立科學工藝博物館,高雄市,214127
2015_04,高雄市立美術館,高雄市,135771
2015_04,旗津風景區,高雄市,456855
2015_04,墾丁國家森林遊樂區,屏東縣,16029
2015_04,國立海洋生物博物館,屏東縣,92070
2015_04,墾丁海水浴場,屏東縣,21267
2015_04,駁二藝術特區,高雄市,251583
2015_05,陽明山遊客中心,臺北市,8395
2015_05,陽明公園,臺北市,31000
2015_05,擎天崗,臺北市,0
2015_05,國立故宮博物院,臺北市,459271
2015_05,淡水漁人碼頭,新北市,260757
2015_05,新北市立黃金博物館,新北市,176082
2015_05,國立自然科學博物館,臺中市,238294
2015_05,國立臺灣美術館(含美術園道商圈),臺中市,84350
2015_05,臺中國家歌劇院,臺中市,0
2015_05,日月潭環潭區,南投縣,306140
2015_05,清境農場,南投縣,85218
2015_05,溪頭自然教育園區,南投縣,123127
2015_05,蓮池潭,高雄市,95376
2015_05,國立科學工藝博物館,高雄市,146396
2015_05,高雄市立美術館,高雄市,120824
2015_05,旗津風景區,高雄市,392256
2015_05,墾丁國家森林遊樂區,屏東縣,13272
2015_05,國立海洋生物博物館,屏東縣,104781
2015_05,墾丁海水浴場,屏東縣,24063
2015_05,駁二藝術特區,高雄市,360327
2015_06,陽明山遊客中心,臺北市,11833
2015_06,陽明公園,臺北市,21550
2015_06,擎天崗,臺北市,0
2015_06,國立故宮博物院,臺北市,365835
2015_06,淡水漁人碼頭,新北市,231683
2015_06,新北市立黃金博物館,新北市,143388
2015_06,國立自然科學博物館,臺中市,236371
2015_06,國立臺灣美術館(含美術園道商圈),臺中市,184752
2015_06,臺中國家歌劇院,臺中市,0
2015_06,日月潭環潭區,南投縣,252557
2015_06,清境農場,南投縣,116329
2015_06,溪頭自然教育園區,南投縣,167150
2015_06,蓮池潭,高雄市,91752
2015_06,國立科學工藝博物館,高雄市,131352
2015_06,高雄市立美術館,高雄市,53704
2015_06,旗津風景區,高雄市,413247
2015_06,墾丁國家森林遊樂區,屏東縣,11275
2015_06,國立海洋生物博物館,屏東縣,117175
2015_06,墾丁海水浴場,屏東縣,24171
2015_06,駁二藝術特區,高雄市,113565
2015_07,陽明山遊客中心,臺北市,11518
2015_07,陽明公園,臺北市,13090
2015_07,擎天崗,臺北市,0
2015_07,國立故宮博物院,臺北市,429725
2015_07,淡水漁人碼頭,新北市,279398
2015_07,新北市立黃金博物館,新北市,171690
2015_07,國立自然科學博物館,臺中市,337469
2015_07,國立臺灣美術館(含美術園道商圈),臺中市,249033
2015_07,臺中國家歌劇院,臺中市,0
2015_07,日月潭環潭區,南投縣,353017
2015_07,清境農場,南投縣,162459
2015_07,溪頭自然教育園區,南投縣,201895
2015_07,蓮池潭,高雄市,93760
2015_07,國立科學工藝博物館,高雄市,175847
2015_07,高雄市立美術館,高雄市,79112
2015_07,旗津風景區,高雄市,600514
2015_07,墾丁國家森林遊樂區,屏東縣,14872
2015_07,國立海洋生物博物館,屏東縣,195602
2015_07,墾丁海水浴場,屏東縣,24703
2015_07,駁二藝術特區,高雄市,170436
2015_08,陽明山遊客中心,臺北市,7228
2015_08,陽明公園,臺北市,5100
2015_08,擎天崗,臺北市,0
2015_08,國立故宮博物院,臺北市,465433
2015_08,淡水漁人碼頭,新北市,281050
2015_08,新北市立黃金博物館,新北市,164400
2015_08,國立自然科學博物館,臺中市,312717
2015_08,國立臺灣美術館(含美術園道商圈),臺中市,273298
2015_08,臺中國家歌劇院,臺中市,0
2015_08,日月潭環潭區,南投縣,386003
2015_08,清境農場,南投縣,135064
2015_08,溪頭自然教育園區,南投縣,142205
2015_08,蓮池潭,高雄市,95376
2015_08,國立科學工藝博物館,高雄市,205811
2015_08,高雄市立美術館,高雄市,78332
2015_08,旗津風景區,高雄市,407494
2015_08,墾丁國家森林遊樂區,屏東縣,12913
2015_08,國立海洋生物博物館,屏東縣,184780
2015_08,墾丁海水浴場,屏東縣,24181
2015_08,駁二藝術特區,高雄市,220527
2015_09,陽明山遊客中心,臺北市,11310
2015_09,陽明公園,臺北市,4390
2015_09,擎天崗,臺北市,0
2015_09,國立故宮博物院,臺北市,333224
2015_09,淡水漁人碼頭,新北市,264080
2015_09,新北市立黃金博物館,新北市,161836
2015_09,國立自然科學博物館,臺中市,208166
2015_09,國立臺灣美術館(含美術園道商圈),臺中市,59798
2015_09,臺中國家歌劇院,臺中市,0
2015_09,日月潭環潭區,南投縣,257653
2015_09,清境農場,南投縣,109251
2015_09,溪頭自然教育園區,南投縣,162128
2015_09,蓮池潭,高雄市,129888
2015_09,國立科學工藝博物館,高雄市,137074
2015_09,高雄市立美術館,高雄市,54128
2015_09,旗津風景區,高雄市,383852
2015_09,墾丁國家森林遊樂區,屏東縣,10569
2015_09,國立海洋生物博物館,屏東縣,109691
2015_09,墾丁海水浴場,屏東縣,24532
2015_09,駁二藝術特區,高雄市,3030
2015_10,陽明山遊客中心,臺北市,10575
2015_10,陽明公園,臺北市,8700
2015_10,擎天崗,臺北市,0
2015_10,國立故宮博物院,臺北市,486151
2015_10,淡水漁人碼頭,新北市,274120
2015_10,新北市立黃金博物館,新北市,195360
2015_10,國立自然科學博物館,臺中市,242741
2015_10,國立臺灣美術館(含美術園道商圈),臺中市,77969
2015_10,臺中國家歌劇院,臺中市,0
2015_10,日月潭環潭區,南投縣,385095
2015_10,清境農場,南投縣,148677
2015_10,溪頭自然教育園區,南投縣,161213
2015_10,蓮池潭,高雄市,1508672
2015_10,國立科學工藝博物館,高雄市,168810
2015_10,高雄市立美術館,高雄市,63921
2015_10,旗津風景區,高雄市,422915
2015_10,墾丁國家森林遊樂區,屏東縣,17749
2015_10,國立海洋生物博物館,屏東縣,117264
2015_10,墾丁海水浴場,屏東縣,24228
2015_10,駁二藝術特區,高雄市,202028
2015_11,陽明山遊客中心,臺北市,11370
2015_11,陽明公園,臺北市,13040
2015_11,擎天崗,臺北市,0
2015_11,國立故宮博物院,臺北市,455457
2015_11,淡水漁人碼頭,新北市,277622
2015_11,新北市立黃金博物館,新北市,224981
2015_11,國立自然科學博物館,臺中市,243999
2015_11,國立臺灣美術館(含美術園道商圈),臺中市,69413
2015_11,臺中國家歌劇院,臺中市,0
2015_11,日月潭環潭區,南投縣,359131
2015_11,清境農場,南投縣,154098
2015_11,溪頭自然教育園區,南投縣,163039
2015_11,蓮池潭,高雄市,283294
2015_11,國立科學工藝博物館,高雄市,145982
2015_11,高雄市立美術館,高雄市,43233
2015_11,旗津風景區,高雄市,395288
2015_11,墾丁國家森林遊樂區,屏東縣,16105
2015_11,國立海洋生物博物館,屏東縣,88723
2015_11,墾丁海水浴場,屏東縣,25188
2015_11,駁二藝術特區,高雄市,297851
2015_12,陽明山遊客中心,臺北市,8977
2015_12,陽明公園,臺北市,19350
2015_12,擎天崗,臺北市,0
2015_12,國立故宮博物院,臺北市,428983
2015_12,淡水漁人碼頭,新北市,253951
2015_12,新北市立黃金博物館,新北市,178484
2015_12,國立自然科學博物館,臺中市,222069
2015_12,國立臺灣美術館(含美術園道商圈),臺中市,64433
2015_12,臺中國家歌劇院,臺中市,0
2015_12,日月潭環潭區,南投縣,301978
2015_12,清境農場,南投縣,157697
2015_12,溪頭自然教育園區,南投縣,134553
2015_12,蓮池潭,高雄市,337009
2015_12,國立科學工藝博物館,高雄市,156868
2015_12,高雄市立美術館,高雄市,44476
2015_12,旗津風景區,高雄市,409717
2015_12,墾丁國家森林遊樂區,屏東縣,14071
2015_12,國立海洋生物博物館,屏東縣,72686
2015_12,墾丁海水浴場,屏東縣,26612
2015_12,駁二藝術特區,高雄市,284292
2016_01,陽明山遊客中心,臺北市,12349
2016_01,陽明公園,臺北市,26250
2016_01,擎天崗,臺北市,0
2016_01,國立故宮博物院,臺北市,447514
2016_01,淡水漁人碼頭,新北市,279800
2016_01,新北市立黃金博物館,新北市,174703
2016_01,國立自然科學博物館,臺中市,218614
2016_01,國立臺灣美術館(含美術園道商圈),臺中市,73029
2016_01,臺中國家歌劇院,臺中市,0
2016_01,日月潭環潭區,南投縣,291780
2016_01,清境農場,南投縣,99079
2016_01,溪頭自然教育園區,南投縣,75622
2016_01,蓮池潭,高雄市,306690
2016_01,國立科學工藝博物館,高雄市,208054
2016_01,高雄市立美術館,高雄市,45912
2016_01,旗津風景區,高雄市,329004
2016_01,墾丁國家森林遊樂區,屏東縣,11965
2016_01,國立海洋生物博物館,屏東縣,72448
2016_01,墾丁海水浴場,屏東縣,19921
2016_01,駁二藝術特區,高雄市,380567
2016_02,陽明山遊客中心,臺北市,7941
2016_02,陽明公園,臺北市,663367
2016_02,擎天崗,臺北市,0
2016_02,國立故宮博物院,臺北市,466023
2016_02,淡水漁人碼頭,新北市,261844
2016_02,新北市立黃金博物館,新北市,187737
2016_02,國立自然科學博物館,臺中市,250505
2016_02,國立臺灣美術館(含美術園道商圈),臺中市,93642
2016_02,臺中國家歌劇院,臺中市,0
2016_02,日月潭環潭區,南投縣,625734
2016_02,清境農場,南投縣,146222
2016_02,溪頭自然教育園區,南投縣,94018
2016_02,蓮池潭,高雄市,519588
2016_02,國立科學工藝博物館,高雄市,233709
2016_02,高雄市立美術館,高雄市,91601
2016_02,旗津風景區,高雄市,526399
2016_02,墾丁國家森林遊樂區,屏東縣,23390
2016_02,國立海洋生物博物館,屏東縣,139641
2016_02,墾丁海水浴場,屏東縣,23358
2016_02,駁二藝術特區,高雄市,898672
2016_03,陽明山遊客中心,臺北市,10391
2016_03,陽明公園,臺北市,691332
2016_03,擎天崗,臺北市,0
2016_03,國立故宮博物院,臺北市,462046
2016_03,淡水漁人碼頭,新北市,208145
2016_03,新北市立黃金博物館,新北市,153550
2016_03,國立自然科學博物館,臺中市,188583
2016_03,國立臺灣美術館(含美術園道商圈),臺中市,73329
2016_03,臺中國家歌劇院,臺中市,0
2016_03,日月潭環潭區,南投縣,486469
2016_03,清境農場,南投縣,90128
2016_03,溪頭自然教育園區,南投縣,83521
2016_03,蓮池潭,高雄市,326721
2016_03,國立科學工藝博物館,高雄市,150535
2016_03,高雄市立美術館,高雄市,76339
2016_03,旗津風景區,高雄市,365119
2016_03,墾丁國家森林遊樂區,屏東縣,10859
2016_03,國立海洋生物博物館,屏東縣,62135
2016_03,墾丁海水浴場,屏東縣,24683
2016_03,駁二藝術特區,高雄市,359774
2016_04,陽明山遊客中心,臺北市,11667
2016_04,陽明公園,臺北市,25200
2016_04,擎天崗,臺北市,0
2016_04,國立故宮博物院,臺北市,438172
2016_04,淡水漁人碼頭,新北市,314852
2016_04,新北市立黃金博物館,新北市,181655
2016_04,國立自然科學博物館,臺中市,249123
2016_04,國立臺灣美術館(含美術園道商圈),臺中市,89200
2016_04,臺中國家歌劇院,臺中市,0
2016_04,日月潭環潭區,南投縣,373632
2016_04,清境農場,南投縣,108013
2016_04,溪頭自然教育園區,南投縣,129408
2016_04,蓮池潭,高雄市,364749
2016_04,國立科學工藝博物館,高雄市,109599
2016_04,高雄市立美術館,高雄市,67751
2016_04,旗津風景區,高雄市,376993
2016_04,墾丁國家森林遊樂區,屏東縣,13860
2016_04,國立海洋生物博物館,屏東縣,95275
2016_04,墾丁海水浴場,屏東縣,22063
2016_04,駁二藝術特區,高雄市,441343
2016_05,陽明山遊客中心,臺北市,12854
2016_05,陽明公園,臺北市,30750
2016_05,擎天崗,臺北市,0
2016_05,國立故宮博物院,臺北市,423639
2016_05,淡水漁人碼頭,新北市,243160
2016_05,新北市立黃金博物館,新北市,173211
2016_05,國立自然科學博物館,臺中市,203598
2016_05,國立臺灣美術館(含美術園道商圈),臺中市,77401
2016_05,臺中國家歌劇院,臺中市,0
2016_05,日月潭環潭區,南投縣,254981
2016_05,清境農場,南投縣,101907
2016_05,溪頭自然教育園區,南投縣,147886
2016_05,蓮池潭,高雄市,323720
2016_05,國立科學工藝博物館,高雄市,152808
2016_05,高雄市立美術館,高雄市,56302
2016_05,旗津風景區,高雄市,335085
2016_05,墾丁國家森林遊樂區,屏東縣,13639
2016_05,國立海洋生物博物館,屏東縣,101858
2016_05,墾丁海水浴場,屏東縣,25764
2016_05,駁二藝術特區,高雄市,659652
2016_06,陽明山遊客中心,臺北市,12468
2016_06,陽明公園,臺北市,24750
2016_06,擎天崗,臺北市,0
2016_06,國立故宮博物院,臺北市,356769
2016_06,淡水漁人碼頭,新北市,234191
2016_06,新北市立黃金博物館,新北市,169406
2016_06,國立自然科學博物館,臺中市,238938
2016_06,國立臺灣美術館(含美術園道商圈),臺中市,172939
2016_06,臺中國家歌劇院,臺中市,0
2016_06,日月潭環潭區,南投縣,182048
2016_06,清境農場,南投縣,106721
2016_06,溪頭自然教育園區,南投縣,160346
2016_06,蓮池潭,高雄市,271157
2016_06,國立科學工藝博物館,高雄市,200425
2016_06,高雄市立美術館,高雄市,47525
2016_06,旗津風景區,高雄市,356122
2016_06,墾丁國家森林遊樂區,屏東縣,8708
2016_06,國立海洋生物博物館,屏東縣,127923
2016_06,墾丁海水浴場,屏東縣,23616
2016_06,駁二藝術特區,高雄市,234797
2016_07,陽明山遊客中心,臺北市,11457
2016_07,陽明公園,臺北市,15400
2016_07,擎天崗,臺北市,0
2016_07,國立故宮博物院,臺北市,411514
2016_07,淡水漁人碼頭,新北市,247010
2016_07,新北市立黃金博物館,新北市,221080
2016_07,國立自然科學博物館,臺中市,367064
2016_07,國立臺灣美術館(含美術園道商圈),臺中市,330242
2016_07,臺中國家歌劇院,臺中市,0
2016_07,日月潭環潭區,南投縣,412146
2016_07,清境農場,南投縣,164937
2016_07,溪頭自然教育園區,南投縣,210661
2016_07,蓮池潭,高雄市,292617
2016_07,國立科學工藝博物館,高雄市,321372
2016_07,高雄市立美術館,高雄市,76725
2016_07,旗津風景區,高雄市,474470
2016_07,墾丁國家森林遊樂區,屏東縣,19278
2016_07,國立海洋生物博物館,屏東縣,190747
2016_07,墾丁海水浴場,屏東縣,24261
2016_07,駁二藝術特區,高雄市,441001
2016_08,陽明山遊客中心,臺北市,9562
2016_08,陽明公園,臺北市,9540
2016_08,擎天崗,臺北市,0
2016_08,國立故宮博物院,臺北市,402433
2016_08,淡水漁人碼頭,新北市,261414
2016_08,新北市立黃金博物館,新北市,210662
2016_08,國立自然科學博物館,臺中市,337538
2016_08,國立臺灣美術館(含美術園道商圈),臺中市,106602
2016_08,臺中國家歌劇院,臺中市,0
2016_08,日月潭環潭區,南投縣,269208
2016_08,清境農場,南投縣,150717
2016_08,溪頭自然教育園區,南投縣,181167
2016_08,蓮池潭,高雄市,318824
2016_08,國立科學工藝博物館,高雄市,315814
2016_08,高雄市立美術館,高雄市,65498
2016_08,旗津風景區,高雄市,658884
2016_08,墾丁國家森林遊樂區,屏東縣,12486
2016_08,國立海洋生物博物館,屏東縣,155655
2016_08,墾丁海水浴場,屏東縣,21948
2016_08,駁二藝術特區,高雄市,406576
2016_09,陽明山遊客中心,臺北市,7305
2016_09,陽明公園,臺北市,4940
2016_09,擎天崗,臺北市,0
2016_09,國立故宮博物院,臺北市,243479
2016_09,淡水漁人碼頭,新北市,224398
2016_09,新北市立黃金博物館,新北市,144268
2016_09,國立自然科學博物館,臺中市,206779
2016_09,國立臺灣美術館(含美術園道商圈),臺中市,75969
2016_09,臺中國家歌劇院,臺中市,0
2016_09,日月潭環潭區,南投縣,135966
2016_09,清境農場,南投縣,80004
2016_09,溪頭自然教育園區,南投縣,135784
2016_09,蓮池潭,高雄市,177468
2016_09,國立科學工藝博物館,高雄市,237271
2016_09,高雄市立美術館,高雄市,44585
2016_09,旗津風景區,高雄市,406376
2016_09,墾丁國家森林遊樂區,屏東縣,3367
2016_09,國立海洋生物博物館,屏東縣,88165
2016_09,墾丁海水浴場,屏東縣,20335
2016_09,駁二藝術特區,高雄市,142731
2016_10,陽明山遊客中心,臺北市,0
2016_10,陽明公園,臺北市,4750
2016_10,擎天崗,臺北市,0
2016_10,國立故宮博物院,臺北市,341266
2016_10,淡水漁人碼頭,新北市,270154
2016_10,新北市立黃金博物館,新北市,186541
2016_10,國立自然科學博物館,臺中市,248430
2016_10,國立臺灣美術館(含美術園道商圈),臺中市,93631
2016_10,臺中國家歌劇院,臺中市,0
2016_10,日月潭環潭區,南投縣,246651
2016_10,清境農場,南投縣,128858
2016_10,溪頭自然教育園區,南投縣,148066
2016_10,蓮池潭,高雄市,1325384
2016_10,國立科學工藝博物館,高雄市,172547
2016_10,高雄市立美術館,高雄市,59197
2016_10,旗津風景區,高雄市,437726
2016_10,墾丁國家森林遊樂區,屏東縣,6183
2016_10,國立海洋生物博物館,屏東縣,110263
2016_10,墾丁海水浴場,屏東縣,23849
2016_10,駁二藝術特區,高雄市,136505
2016_11,陽明山遊客中心,臺北市,0
2016_11,陽明公園,臺北市,6513
2016_11,擎天崗,臺北市,0
2016_11,國立故宮博物院,臺北市,329451
2016_11,淡水漁人碼頭,新北市,235402
2016_11,新北市立黃金博物館,新北市,180890
2016_11,國立自然科學博物館,臺中市,224397
2016_11,國立臺灣美術館(含美術園道商圈),臺中市,75738
2016_11,臺中國家歌劇院,臺中市,0
2016_11,日月潭環潭區,南投縣,228544
2016_11,清境農場,南投縣,132279
2016_11,溪頭自然教育園區,南投縣,129238
2016_11,蓮池潭,高雄市,292386
2016_11,國立科學工藝博物館,高雄市,119852
2016_11,高雄市立美術館,高雄市,58123
2016_11,旗津風景區,高雄市,391038
2016_11,墾丁國家森林遊樂區,屏東縣,15171
2016_11,國立海洋生物博物館,屏東縣,71183
2016_11,墾丁海水浴場,屏東縣,17723
2016_11,駁二藝術特區,高雄市,128506
2016_12,陽明山遊客中心,臺北市,0
2016_12,陽明公園,臺北市,4883
2016_12,擎天崗,臺北市,0
2016_12,國立故宮博物院,臺北市,343419
2016_12,淡水漁人碼頭,新北市,232198
2016_12,新北市立黃金博物館,新北市,200340
2016_12,國立自然科學博物館,臺中市,210044
2016_12,國立臺灣美術館(含美術園道商圈),臺中市,80051
2016_12,臺中國家歌劇院,臺中市,0
2016_12,日月潭環潭區,南投縣,220669
2016_12,清境農場,南投縣,162872
2016_12,溪頭自然教育園區,南投縣,130313
2016_12,蓮池潭,高雄市,303227
2016_12,國立科學工藝博物館,高雄市,128466
2016_12,高雄市立美術館,高雄市,52310
2016_12,旗津風景區,高雄市,395784
2016_12,墾丁國家森林遊樂區,屏東縣,15273
2016_12,國立海洋生物博物館,屏東縣,61675
2016_12,墾丁海水浴場,屏東縣,20834
2016_12,駁二藝術特區,高雄市,141895
2017_01,陽明山遊客中心,臺北市,11835
2017_01,陽明公園,臺北市,8490
2017_01,擎天崗,臺北市,0
2017_01,國立故宮博物院,臺北市,334485
2017_01,淡水漁人碼頭,新北市,238414
2017_01,新北市立黃金博物館,新北市,183004
2017_01,國立自然科學博物館,臺中市,209397
2017_01,國立臺灣美術館(含美術園道商圈),臺中市,81282
2017_01,臺中國家歌劇院,臺中市,0
2017_01,日月潭環潭區,南投縣,250110
2017_01,清境農場,南投縣,125366
2017_01,溪頭自然教育園區,南投縣,104863
2017_01,蓮池潭,高雄市,407336
2017_01,國立科學工藝博物館,高雄市,123069
2017_01,高雄市立美術館,高雄市,56184
2017_01,旗津風景區,高雄市,449976
2017_01,墾丁國家森林遊樂區,屏東縣,18929
2017_01,國立海洋生物博物館,屏東縣,89799
2017_01,墾丁海水浴場,屏東縣,17833
2017_01,駁二藝術特區,高雄市,473989
2017_02,陽明山遊客中心,臺北市,14029
2017_02,陽明公園,臺北市,569737
2017_02,擎天崗,臺北市,0
2017_02,國立故宮博物院,臺北市,318772
2017_02,淡水漁人碼頭,新北市,189477
2017_02,新北市立黃金博物館,新北市,178048
2017_02,國立自然科學博物館,臺中市,263409
2017_02,國立臺灣美術館(含美術園道商圈),臺中市,89437
2017_02,臺中國家歌劇院,臺中市,0
2017_02,日月潭環潭區,南投縣,584400
2017_02,清境農場,南投縣,128840
2017_02,溪頭自然教育園區,南投縣,89551
2017_02,蓮池潭,高雄市,307744
2017_02,國立科學工藝博物館,高雄市,179062
2017_02,高雄市立美術館,高雄市,86796
2017_02,旗津風景區,高雄市,427765
2017_02,墾丁國家森林遊樂區,屏東縣,17494
2017_02,國立海洋生物博物館,屏東縣,92946
2017_02,墾丁海水浴場,屏東縣,20057
2017_02,駁二藝術特區,高雄市,387031
2017_03,陽明山遊客中心,臺北市,14400
2017_03,陽明公園,臺北市,802012
2017_03,擎天崗,臺北市,0
2017_03,國立故宮博物院,臺北市,310789
2017_03,淡水漁人碼頭,新北市,187363
2017_03,新北市立黃金博物館,新北市,153981
2017_03,國立自然科學博物館,臺中市,205356
2017_03,國立臺灣美術館(含美術園道商圈),臺中市,78285
2017_03,臺中國家歌劇院,臺中市,0
2017_03,日月潭環潭區,南投縣,450477
2017_03,清境農場,南投縣,95182
2017_03,溪頭自然教育園區,南投縣,101814
2017_03,蓮池潭,高雄市,291485
2017_03,國立科學工藝博物館,高雄市,133727
2017_03,高雄市立美術館,高雄市,77482
2017_03,旗津風景區,高雄市,338938
2017_03,墾丁國家森林遊樂區,屏東縣,13111
2017_03,國立海洋生物博物館,屏東縣,55748
2017_03,墾丁海水浴場,屏東縣,22556
2017_03,駁二藝術特區,高雄市,149363
2017_04,陽明山遊客中心,臺北市,18840
2017_04,陽明公園,臺北市,35988
2017_04,擎天崗,臺北市,0
2017_04,國立故宮博物院,臺北市,351929
2017_04,淡水漁人碼頭,新北市,221724
2017_04,新北市立黃金博物館,新北市,185303
2017_04,國立自然科學博物館,臺中市,265594
2017_04,國立臺灣美術館(含美術園道商圈),臺中市,100076
2017_04,臺中國家歌劇院,臺中市,0
2017_04,日月潭環潭區,南投縣,258924
2017_04,清境農場,南投縣,113130
2017_04,溪頭自然教育園區,南投縣,118872
2017_04,蓮池潭,高雄市,366406
2017_04,國立科學工藝博物館,高雄市,175850
2017_04,高雄市立美術館,高雄市,82444
2017_04,旗津風景區,高雄市,465116
2017_04,墾丁國家森林遊樂區,屏東縣,16536
2017_04,國立海洋生物博物館,屏東縣,94508
2017_04,墾丁海水浴場,屏東縣,19653
2017_04,駁二藝術特區,高雄市,265224
2017_05,陽明山遊客中心,臺北市,16300
2017_05,陽明公園,臺北市,26671
2017_05,擎天崗,臺北市,0
2017_05,國立故宮博物院,臺北市,369998
2017_05,淡水漁人碼頭,新北市,107806
2017_05,新北市立黃金博物館,新北市,159972
2017_05,國立自然科學博物館,臺中市,241145
2017_05,國立臺灣美術館(含美術園道商圈),臺中市,86733
2017_05,臺中國家歌劇院,臺中市,0
2017_05,日月潭環潭區,南投縣,207796
2017_05,清境農場,南投縣,107708
2017_05,溪頭自然教育園區,南投縣,133609
2017_05,蓮池潭,高雄市,368023
2017_05,國立科學工藝博物館,高雄市,137097
2017_05,高雄市立美術館,高雄市,57752
2017_05,旗津風景區,高雄市,397702
2017_05,墾丁國家森林遊樂區,屏東縣,16144
2017_05,國立海洋生物博物館,屏東縣,93747
2017_05,墾丁海水浴場,屏東縣,22577
2017_05,駁二藝術特區,高雄市,295120
2017_06,陽明山遊客中心,臺北市,13364
2017_06,陽明公園,臺北市,23895
2017_06,擎天崗,臺北市,0
2017_06,國立故宮博物院,臺北市,320848
2017_06,淡水漁人碼頭,新北市,184404
2017_06,新北市立黃金博物館,新北市,128632
2017_06,國立自然科學博物館,臺中市,185473
2017_06,國立臺灣美術館(含美術園道商圈),臺中市,85870
2017_06,臺中國家歌劇院,臺中市,0
2017_06,日月潭環潭區,南投縣,129015
2017_06,清境農場,南投縣,74206
2017_06,溪頭自然教育園區,南投縣,108287
2017_06,蓮池潭,高雄市,335959
2017_06,國立科學工藝博物館,高雄市,183620
2017_06,高雄市立美術館,高雄市,47025
2017_06,旗津風景區,高雄市,317101
2017_06,墾丁國家森林遊樂區,屏東縣,9120
2017_06,國立海洋生物博物館,屏東縣,84348
2017_06,墾丁海水浴場,屏東縣,23018
2017_06,駁二藝術特區,高雄市,140334
2017_07,陽明山遊客中心,臺北市,21623
2017_07,陽明公園,臺北市,17950
2017_07,擎天崗,臺北市,0
2017_07,國立故宮博物院,臺北市,424706
2017_07,淡水漁人碼頭,新北市,229095
2017_07,新北市立黃金博物館,新北市,168616
2017_07,國立自然科學博物館,臺中市,360733
2017_07,國立臺灣美術館(含美術園道商圈),臺中市,146999
2017_07,臺中國家歌劇院,臺中市,0
2017_07,日月潭環潭區,南投縣,201971
2017_07,清境農場,南投縣,150182
2017_07,溪頭自然教育園區,南投縣,197042
2017_07,蓮池潭,高雄市,356643
2017_07,國立科學工藝博物館,高雄市,183306
2017_07,高雄市立美術館,高雄市,65544
2017_07,旗津風景區,高雄市,437625
2017_07,墾丁國家森林遊樂區,屏東縣,13516
2017_07,國立海洋生物博物館,屏東縣,149973
2017_07,墾丁海水浴場,屏東縣,20897
2017_07,駁二藝術特區,高雄市,462680
2017_08,陽明山遊客中心,臺北市,22431
2017_08,陽明公園,臺北市,15050
2017_08,擎天崗,臺北市,0
2017_08,國立故宮博物院,臺北市,431185
2017_08,淡水漁人碼頭,新北市,250043
2017_08,新北市立黃金博物館,新北市,181480
2017_08,國立自然科學博物館,臺中市,385438
2017_08,國立臺灣美術館(含美術園道商圈),臺中市,174000
2017_08,臺中國家歌劇院,臺中市,0
2017_08,日月潭環潭區,南投縣,281890
2017_08,清境農場,南投縣,174269
2017_08,溪頭自然教育園區,南投縣,203649
2017_08,蓮池潭,高雄市,337168
2017_08,國立科學工藝博物館,高雄市,338476
2017_08,高雄市立美術館,高雄市,66438
2017_08,旗津風景區,高雄市,299148
2017_08,墾丁國家森林遊樂區,屏東縣,11960
2017_08,國立海洋生物博物館,屏東縣,148091
2017_08,墾丁海水浴場,屏東縣,20812
2017_08,駁二藝術特區,高雄市,467611
2017_09,陽明山遊客中心,臺北市,6780
2017_09,陽明公園,臺北市,12850
2017_09,擎天崗,臺北市,0
2017_09,國立故宮博物院,臺北市,264756
2017_09,淡水漁人碼頭,新北市,222596
2017_09,新北市立黃金博物館,新北市,140964
2017_09,國立自然科學博物館,臺中市,221193
2017_09,國立臺灣美術館(含美術園道商圈),臺中市,106468
2017_09,臺中國家歌劇院,臺中市,0
2017_09,日月潭環潭區,南投縣,130743
2017_09,清境農場,南投縣,102602
2017_09,溪頭自然教育園區,南投縣,174717
2017_09,蓮池潭,高雄市,325320
2017_09,國立科學工藝博物館,高雄市,22702
2017_09,高雄市立美術館,高雄市,45761
2017_09,旗津風景區,高雄市,171417
2017_09,墾丁國家森林遊樂區,屏東縣,7670
2017_09,國立海洋生物博物館,屏東縣,68396
2017_09,墾丁海水浴場,屏東縣,19173
2017_09,駁二藝術特區,高雄市,232677
2017_10,陽明山遊客中心,臺北市,0
2017_10,陽明公園,臺北市,9050
2017_10,擎天崗,臺北市,0
2017_10,國立故宮博物院,臺北市,386268
2017_10,淡水漁人碼頭,新北市,261024
2017_10,新北市立黃金博物館,新北市,171318
2017_10,國立自然科學博物館,臺中市,284826
2017_10,國立臺灣美術館(含美術園道商圈),臺中市,112076
2017_10,臺中國家歌劇院,臺中市,0
2017_10,日月潭環潭區,南投縣,266091
2017_10,清境農場,南投縣,153658
2017_10,溪頭自然教育園區,南投縣,162805
2017_10,蓮池潭,高雄市,1158609
2017_10,國立科學工藝博物館,高雄市,259297
2017_10,高雄市立美術館,高雄市,60410
2017_10,旗津風景區,高雄市,259156
2017_10,墾丁國家森林遊樂區,屏東縣,12997
2017_10,國立海洋生物博物館,屏東縣,105476
2017_10,墾丁海水浴場,屏東縣,22299
2017_10,駁二藝術特區,高雄市,391968
2017_11,陽明山遊客中心,臺北市,0
2017_11,陽明公園,臺北市,8270
2017_11,擎天崗,臺北市,0
2017_11,國立故宮博物院,臺北市,429425
2017_11,淡水漁人碼頭,新北市,206369
2017_11,新北市立黃金博物館,新北市,134125
2017_11,國立自然科學博物館,臺中市,245168
2017_11,國立臺灣美術館(含美術園道商圈),臺中市,88649
2017_11,臺中國家歌劇院,臺中市,0
2017_11,日月潭環潭區,南投縣,219304
2017_11,清境農場,南投縣,138642
2017_11,溪頭自然教育園區,南投縣,134901
2017_11,蓮池潭,高雄市,405760
2017_11,國立科學工藝博物館,高雄市,126540
2017_11,高雄市立美術館,高雄市,54725
2017_11,旗津風景區,高雄市,194192
2017_11,墾丁國家森林遊樂區,屏東縣,13477
2017_11,國立海洋生物博物館,屏東縣,63248
2017_11,墾丁海水浴場,屏東縣,20792
2017_11,駁二藝術特區,高雄市,451850
2017_12,陽明山遊客中心,臺北市,0
2017_12,陽明公園,臺北市,8660
2017_12,擎天崗,臺北市,0
2017_12,國立故宮博物院,臺北市,467762
2017_12,淡水漁人碼頭,新北市,199576
2017_12,新北市立黃金博物館,新北市,147937
2017_12,國立自然科學博物館,臺中市,246851
2017_12,國立臺灣美術館(含美術園道商圈),臺中市,80855
2017_12,臺中國家歌劇院,臺中市,0
2017_12,日月潭環潭區,南投縣,223242
2017_12,清境農場,南投縣,160240
2017_12,溪頭自然教育園區,南投縣,139931
2017_12,蓮池潭,高雄市,322938
2017_12,國立科學工藝博物館,高雄市,118345
2017_12,高雄市立美術館,高雄市,52031
2017_12,旗津風景區,高雄市,245879
2017_12,墾丁國家森林遊樂區,屏東縣,14475
2017_12,國立海洋生物博物館,屏東縣,58463
2017_12,墾丁海水浴場,屏東縣,15715
2017_12,駁二藝術特區,高雄市,548175
2018_01,陽明山遊客中心,臺北市,18832
2018_01,陽明公園,臺北市,8750
2018_01,擎天崗,臺北市,0
2018_01,國立故宮博物院,臺北市,421459
2018_01,淡水漁人碼頭,新北市,192280
2018_01,新北市立黃金博物館,新北市,140035
2018_01,國立自然科學博物館,臺中市,215172
2018_01,國立臺灣美術館(含美術園道商圈),臺中市,65915
2018_01,臺中國家歌劇院,臺中市,0
2018_01,日月潭環潭區,南投縣,184018
2018_01,清境農場,南投縣,80863
2018_01,溪頭自然教育園區,南投縣,96615
2018_01,蓮池潭,高雄市,323455
2018_01,國立科學工藝博物館,高雄市,93363
2018_01,高雄市立美術館,高雄市,35811
2018_01,旗津風景區,高雄市,178457
2018_01,墾丁國家森林遊樂區,屏東縣,11270
2018_01,國立海洋生物博物館,屏東縣,40988
2018_01,墾丁海水浴場,屏東縣,11251
2018_01,駁二藝術特區,高雄市,373537
2018_02,陽明山遊客中心,臺北市,52386
2018_02,陽明公園,臺北市,247131
2018_02,擎天崗,臺北市,0
2018_02,國立故宮博物院,臺北市,408214
2018_02,淡水漁人碼頭,新北市,248722
2018_02,新北市立黃金博物館,新北市,136401
2018_02,國立自然科學博物館,臺中市,249842
2018_02,國立臺灣美術館(含美術園道商圈),臺中市,66291
2018_02,臺中國家歌劇院,臺中市,0
2018_02,日月潭環潭區,南投縣,471635
2018_02,清境農場,南投縣,116274
2018_02,溪頭自然教育園區,南投縣,69300
2018_02,蓮池潭,高雄市,392018
2018_02,國立科學工藝博物館,高雄市,119764
2018_02,高雄市立美術館,高雄市,76394
2018_02,旗津風景區,高雄市,233170
2018_02,墾丁國家森林遊樂區,屏東縣,16166
2018_02,國立海洋生物博物館,屏東縣,82165
2018_02,墾丁海水浴場,屏東縣,19066
2018_02,駁二藝術特區,高雄市,672668
2018_03,陽明山遊客中心,臺北市,16896
2018_03,陽明公園,臺北市,891890
2018_03,擎天崗,臺北市,0
2018_03,國立故宮博物院,臺北市,291705
2018_03,淡水漁人碼頭,新北市,278544
2018_03,新北市立黃金博物館,新北市,150563
2018_03,國立自然科學博物館,臺中市,212573
2018_03,國立臺灣美術館(含美術園道商圈),臺中市,86170
2018_03,臺中國家歌劇院,臺中市,0
2018_03,日月潭環潭區,南投縣,352612
2018_03,清境農場,南投縣,99898
2018_03,溪頭自然教育園區,南投縣,117298
2018_03,蓮池潭,高雄市,319106
2018_03,國立科學工藝博物館,高雄市,123971
2018_03,高雄市立美術館,高雄市,82248
2018_03,旗津風景區,高雄市,585701
2018_03,墾丁國家森林遊樂區,屏東縣,11983
2018_03,國立海洋生物博物館,屏東縣,50683
2018_03,墾丁海水浴場,屏東縣,20491
2018_03,駁二藝術特區,高雄市,187123
2018_04,陽明山遊客中心,臺北市,15409
2018_04,陽明公園,臺北市,26500
2018_04,擎天崗,臺北市,0
2018_04,國立故宮博物院,臺北市,270188
2018_04,淡水漁人碼頭,新北市,243788
2018_04,新北市立黃金博物館,新北市,174527
2018_04,國立自然科學博物館,臺中市,275690
2018_04,國立臺灣美術館(含美術園道商圈),臺中市,125937
2018_04,臺中國家歌劇院,臺中市,0
2018_04,日月潭環潭區,南投縣,286810
2018_04,清境農場,南投縣,112255
2018_04,溪頭自然教育園區,南投縣,149853
2018_04,蓮池潭,高雄市,369010
2018_04,國立科學工藝博物館,高雄市,141008
2018_04,高雄市立美術館,高雄市,94669
2018_04,旗津風景區,高雄市,322123
2018_04,墾丁國家森林遊樂區,屏東縣,15280
2018_04,國立海洋生物博物館,屏東縣,83679
2018_04,墾丁海水浴場,屏東縣,19289
2018_04,駁二藝術特區,高雄市,303626
2018_05,陽明山遊客中心,臺北市,17161
2018_05,陽明公園,臺北市,23500
2018_05,擎天崗,臺北市,0
2018_05,國立故宮博物院,臺北市,259052
2018_05,淡水漁人碼頭,新北市,247178
2018_05,新北市立黃金博物館,新北市,152984
2018_05,國立自然科學博物館,臺中市,214889
2018_05,國立臺灣美術館(含美術園道商圈),臺中市,121692
2018_05,臺中國家歌劇院,臺中市,0
2018_05,日月潭環潭區,南投縣,268972
2018_05,清境農場,南投縣,78588
2018_05,溪頭自然教育園區,南投縣,178079
2018_05,蓮池潭,高雄市,338748
2018_05,國立科學工藝博物館,高雄市,129980
2018_05,高雄市立美術館,高雄市,63561
2018_05,旗津風景區,高雄市,326023
2018_05,墾丁國家森林遊樂區,屏東縣,9340
2018_05,國立海洋生物博物館,屏東縣,66842
2018_05,墾丁海水浴場,屏東縣,19997
2018_05,駁二藝術特區,高雄市,225870
2018_06,陽明山遊客中心,臺北市,52793
2018_06,陽明公園,臺北市,24400
2018_06,擎天崗,臺北市,0
2018_06,國立故宮博物院,臺北市,248363
2018_06,淡水漁人碼頭,新北市,258165
2018_06,新北市立黃金博物館,新北市,139837
2018_06,國立自然科學博物館,臺中市,226276
2018_06,國立臺灣美術館(含美術園道商圈),臺中市,105139
2018_06,臺中國家歌劇院,臺中市,0
2018_06,日月潭環潭區,南投縣,182830
2018_06,清境農場,南投縣,95357
2018_06,溪頭自然教育園區,南投縣,159213
2018_06,蓮池潭,高雄市,336816
2018_06,國立科學工藝博物館,高雄市,153221
2018_06,高雄市立美術館,高雄市,55172
2018_06,旗津風景區,高雄市,325440
2018_06,墾丁國家森林遊樂區,屏東縣,6498
2018_06,國立海洋生物博物館,屏東縣,72504
2018_06,墾丁海水浴場,屏東縣,21338
2018_06,駁二藝術特區,高雄市,112186
2018_07,陽明山遊客中心,臺北市,15355
2018_07,陽明公園,臺北市,15700
2018_07,擎天崗,臺北市,0
2018_07,國立故宮博物院,臺北市,286991
2018_07,淡水漁人碼頭,新北市,293684
2018_07,新北市立黃金博物館,新北市,168806
2018_07,國立自然科學博物館,臺中市,356734
2018_07,國立臺灣美術館(含美術園道商圈),臺中市,125095
2018_07,臺中國家歌劇院,臺中市,0
2018_07,日月潭環潭區,南投縣,242121
2018_07,清境農場,南投縣,129108
2018_07,溪頭自然教育園區,南投縣,195008
2018_07,蓮池潭,高雄市,333397
2018_07,國立科學工藝博物館,高雄市,211819
2018_07,高雄市立美術館,高雄市,84397
2018_07,旗津風景區,高雄市,680096
2018_07,墾丁國家森林遊樂區,屏東縣,10056
2018_07,國立海洋生物博物館,屏東縣,115817
2018_07,墾丁海水浴場,屏東縣,20669
2018_07,駁二藝術特區,高雄市,375198
2018_08,陽明山遊客中心,臺北市,15512
2018_08,陽明公園,臺北市,16060
2018_08,擎天崗,臺北市,0
2018_08,國立故宮博物院,臺北市,338580
2018_08,淡水漁人碼頭,新北市,260116
2018_08,新北市立黃金博物館,新北市,181128
2018_08,國立自然科學博物館,臺中市,342361
2018_08,國立臺灣美術館(含美術園道商圈),臺中市,109731
2018_08,臺中國家歌劇院,臺中市,0
2018_08,日月潭環潭區,南投縣,252090
2018_08,清境農場,南投縣,128487
2018_08,溪頭自然教育園區,南投縣,162079
2018_08,蓮池潭,高雄市,290502
2018_08,國立科學工藝博物館,高雄市,200400
2018_08,高雄市立美術館,高雄市,70196
2018_08,旗津風景區,高雄市,622010
2018_08,墾丁國家森林遊樂區,屏東縣,6165
2018_08,國立海洋生物博物館,屏東縣,116285
2018_08,墾丁海水浴場,屏東縣,22307
2018_08,駁二藝術特區,高雄市,320113
2018_09,陽明山遊客中心,臺北市,13055
2018_09,陽明公園,臺北市,14010
2018_09,擎天崗,臺北市,0
2018_09,國立故宮博物院,臺北市,268250
2018_09,淡水漁人碼頭,新北市,248211
2018_09,新北市立黃金博物館,新北市,152023
2018_09,國立自然科學博物館,臺中市,243712
2018_09,國立臺灣美術館(含美術園道商圈),臺中市,90392
2018_09,臺中國家歌劇院,臺中市,0
2018_09,日月潭環潭區,南投縣,258770
2018_09,清境農場,南投縣,81546
2018_09,溪頭自然教育園區,南投縣,165020
2018_09,蓮池潭,高雄市,335065
2018_09,國立科學工藝博物館,高雄市,127078
2018_09,高雄市立美術館,高雄市,75701
2018_09,旗津風景區,高雄市,588647
2018_09,墾丁國家森林遊樂區,屏東縣,8593
2018_09,國立海洋生物博物館,屏東縣,67488
2018_09,墾丁海水浴場,屏東縣,19332
2018_09,駁二藝術特區,高雄市,191281
2018_10,陽明山遊客中心,臺北市,16738
2018_10,陽明公園,臺北市,7630
2018_10,擎天崗,臺北市,0
2018_10,國立故宮博物院,臺北市,343294
2018_10,淡水漁人碼頭,新北市,289291
2018_10,新北市立黃金博物館,新北市,171937
2018_10,國立自然科學博物館,臺中市,210870
2018_10,國立臺灣美術館(含美術園道商圈),臺中市,104855
2018_10,臺中國家歌劇院,臺中市,0
2018_10,日月潭環潭區,南投縣,286201
2018_10,清境農場,南投縣,117887
2018_10,溪頭自然教育園區,南投縣,156055
2018_10,蓮池潭,高雄市,1800863
2018_10,國立科學工藝博物館,高雄市,312240
2018_10,高雄市立美術館,高雄市,88630
2018_10,旗津風景區,高雄市,636613
2018_10,墾丁國家森林遊樂區,屏東縣,10704
2018_10,國立海洋生物博物館,屏東縣,66921
2018_10,墾丁海水浴場,屏東縣,22633
2018_10,駁二藝術特區,高雄市,381002
2018_11,陽明山遊客中心,臺北市,18460
2018_11,陽明公園,臺北市,9940
2018_11,擎天崗,臺北市,0
2018_11,國立故宮博物院,臺北市,351268
2018_11,淡水漁人碼頭,新北市,288701
2018_11,新北市立黃金博物館,新北市,162292
2018_11,國立自然科學博物館,臺中市,214186
2018_11,國立臺灣美術館(含美術園道商圈),臺中市,98687
2018_11,臺中國家歌劇院,臺中市,0
2018_11,日月潭環潭區,南投縣,286733
2018_11,清境農場,南投縣,115898
2018_11,溪頭自然教育園區,南投縣,142045
2018_11,蓮池潭,高雄市,398120
2018_11,國立科學工藝博物館,高雄市,158557
2018_11,高雄市立美術館,高雄市,37310
2018_11,旗津風景區,高雄市,610532
2018_11,墾丁國家森林遊樂區,屏東縣,10799
2018_11,國立海洋生物博物館,屏東縣,50670
2018_11,墾丁海水浴場,屏東縣,19299
2018_11,駁二藝術特區,高雄市,420060
2018_12,陽明山遊客中心,臺北市,20950
2018_12,陽明公園,臺北市,9480
2018_12,擎天崗,臺北市,0
2018_12,國立故宮博物院,臺北市,373280
2018_12,淡水漁人碼頭,新北市,279908
2018_12,新北市立黃金博物館,新北市,156965
2018_12,國立自然科學博物館,臺中市,201552
2018_12,國立臺灣美術館(含美術園道商圈),臺中市,97124
2018_12,臺中國家歌劇院,臺中市,0
2018_12,日月潭環潭區,南投縣,288320
2018_12,清境農場,南投縣,148423
2018_12,溪頭自然教育園區,南投縣,132915
2018_12,蓮池潭,高雄市,391652
2018_12,國立科學工藝博物館,高雄市,157629
2018_12,高雄市立美術館,高雄市,40661
2018_12,旗津風景區,高雄市,751744
2018_12,墾丁國家森林遊樂區,屏東縣,19022
2018_12,國立海洋生物博物館,屏東縣,64738
2018_12,墾丁海水浴場,屏東縣,20022
2018_12,駁二藝術特區,高雄市,518000
2019_01,陽明山遊客中心,臺北市,16358
2019_01,陽明公園,臺北市,10340
2019_01,擎天崗,臺北市,35287
2019_01,國立故宮博物院,臺北市,370990
2019_01,淡水漁人碼頭,新北市,248687
2019_01,新北市立黃金博物館,新北市,151621
2019_01,國立自然科學博物館,臺中市,194702
2019_01,國立臺灣美術館(含美術園道商圈),臺中市,74603
2019_01,臺中國家歌劇院,臺中市,127161
2019_01,日月潭環潭區,南投縣,240123
2019_01,清境農場,南投縣,96069
2019_01,溪頭自然教育園區,南投縣,98746
2019_01,蓮池潭,高雄市,380722
2019_01,國立科學工藝博物館,高雄市,120874
2019_01,高雄市立美術館,高雄市,50328
2019_01,旗津風景區,高雄市,696788
2019_01,墾丁國家森林遊樂區,屏東縣,14279
2019_01,國立海洋生物博物館,屏東縣,49621
2019_01,墾丁海水浴場,屏東縣,18752
2019_01,駁二藝術特區,高雄市,385000
2019_02,陽明山遊客中心,臺北市,34154
2019_02,陽明公園,臺北市,362770
2019_02,擎天崗,臺北市,37730
2019_02,國立故宮博物院,臺北市,407593
2019_02,淡水漁人碼頭,新北市,248687
2019_02,新北市立黃金博物館,新北市,144291
2019_02,國立自然科學博物館,臺中市,200349
2019_02,國立臺灣美術館(含美術園道商圈),臺中市,60934
2019_02,臺中國家歌劇院,臺中市,75257
2019_02,日月潭環潭區,南投縣,631903
2019_02,清境農場,南投縣,140822
2019_02,溪頭自然教育園區,南投縣,101280
2019_02,蓮池潭,高雄市,506988
2019_02,國立科學工藝博物館,高雄市,134576
2019_02,高雄市立美術館,高雄市,66188
2019_02,旗津風景區,高雄市,765423
2019_02,墾丁國家森林遊樂區,屏東縣,17180
2019_02,國立海洋生物博物館,屏東縣,100774
2019_02,墾丁海水浴場,屏東縣,20775
2019_02,駁二藝術特區,高雄市,901916
2019_03,陽明山遊客中心,臺北市,19223
2019_03,陽明公園,臺北市,616450
2019_03,擎天崗,臺北市,34293
2019_03,國立故宮博物院,臺北市,366684
2019_03,淡水漁人碼頭,新北市,298332
2019_03,新北市立黃金博物館,新北市,160572
2019_03,國立自然科學博物館,臺中市,225758
2019_03,國立臺灣美術館(含美術園道商圈),臺中市,54279
2019_03,臺中國家歌劇院,臺中市,114724
2019_03,日月潭環潭區,南投縣,563969
2019_03,清境農場,南投縣,103609
2019_03,溪頭自然教育園區,南投縣,123878
2019_03,蓮池潭,高雄市,417607
2019_03,國立科學工藝博物館,高雄市,136778
2019_03,高雄市立美術館,高雄市,70559
2019_03,旗津風景區,高雄市,593836
2019_03,墾丁國家森林遊樂區,屏東縣,12754
2019_03,國立海洋生物博物館,屏東縣,61294
2019_03,墾丁海水浴場,屏東縣,21859
2019_03,駁二藝術特區,高雄市,259860
2019_04,陽明山遊客中心,臺北市,22918
2019_04,陽明公園,臺北市,35100
2019_04,擎天崗,臺北市,47182
2019_04,國立故宮博物院,臺北市,340563
2019_04,淡水漁人碼頭,新北市,301004
2019_04,新北市立黃金博物館,新北市,181059
2019_04,國立自然科學博物館,臺中市,225755
2019_04,國立臺灣美術館(含美術園道商圈),臺中市,61706
2019_04,臺中國家歌劇院,臺中市,122280
2019_04,日月潭環潭區,南投縣,464819
2019_04,清境農場,南投縣,102101
2019_04,溪頭自然教育園區,南投縣,135712
2019_04,蓮池潭,高雄市,390800
2019_04,國立科學工藝博物館,高雄市,173677
2019_04,高雄市立美術館,高雄市,40898
2019_04,旗津風景區,高雄市,478102
2019_04,墾丁國家森林遊樂區,屏東縣,14653
2019_04,國立海洋生物博物館,屏東縣,74109
2019_04,墾丁海水浴場,屏東縣,20194
2019_04,駁二藝術特區,高雄市,355917
2019_05,陽明山遊客中心,臺北市,18408
2019_05,陽明公園,臺北市,28300
2019_05,擎天崗,臺北市,40755
2019_05,國立故宮博物院,臺北市,352990
2019_05,淡水漁人碼頭,新北市,291418
2019_05,新北市立黃金博物館,新北市,150449
2019_05,國立自然科學博物館,臺中市,196237
2019_05,國立臺灣美術館(含美術園道商圈),臺中市,62876
2019_05,臺中國家歌劇院,臺中市,127119
2019_05,日月潭環潭區,南投縣,359117
2019_05,清境農場,南投縣,69933
2019_05,溪頭自然教育園區,南投縣,121009
2019_05,蓮池潭,高雄市,367235
2019_05,國立科學工藝博物館,高雄市,151420
2019_05,高雄市立美術館,高雄市,48556
2019_05,旗津風景區,高雄市,394415
2019_05,墾丁國家森林遊樂區,屏東縣,10385
2019_05,國立海洋生物博物館,屏東縣,66768
2019_05,墾丁海水浴場,屏東縣,20637
2019_05,駁二藝術特區,高雄市,273743
2019_06,陽明山遊客中心,臺北市,20368
2019_06,陽明公園,臺北市,26400
2019_06,擎天崗,臺北市,50246
2019_06,國立故宮博物院,臺北市,292033
2019_06,淡水漁人碼頭,新北市,283490
2019_06,新北市立黃金博物館,新北市,156185
2019_06,國立自然科學博物館,臺中市,230037
2019_06,國立臺灣美術館(含美術園道商圈),臺中市,66370
2019_06,臺中國家歌劇院,臺中市,145859
2019_06,日月潭環潭區,南投縣,281654
2019_06,清境農場,南投縣,95161
2019_06,溪頭自然教育園區,南投縣,151264
2019_06,蓮池潭,高雄市,368544
2019_06,國立科學工藝博物館,高雄市,198510
2019_06,高雄市立美術館,高雄市,44852
2019_06,旗津風景區,高雄市,400651
2019_06,墾丁國家森林遊樂區,屏東縣,8477
2019_06,國立海洋生物博物館,屏東縣,91292
2019_06,墾丁海水浴場,屏東縣,23703
2019_06,駁二藝術特區,高雄市,178673
2019_07,陽明山遊客中心,臺北市,20841
2019_07,陽明公園,臺北市,14400
2019_07,擎天崗,臺北市,52741
2019_07,國立故宮博物院,臺北市,338031
2019_07,淡水漁人碼頭,新北市,289828
2019_07,新北市立黃金博物館,新北市,174034
2019_07,國立自然科學博物館,臺中市,350911
2019_07,國立臺灣美術館(含美術園道商圈),臺中市,70711
2019_07,臺中國家歌劇院,臺中市,132434
2019_07,日月潭環潭區,南投縣,402630
2019_07,清境農場,南投縣,133219
2019_07,溪頭自然教育園區,南投縣,202561
2019_07,蓮池潭,高雄市,370403
2019_07,國立科學工藝博物館,高雄市,206476
2019_07,高雄市立美術館,高雄市,49599
2019_07,旗津風景區,高雄市,860933
2019_07,墾丁國家森林遊樂區,屏東縣,9898
2019_07,國立海洋生物博物館,屏東縣,139987
2019_07,墾丁海水浴場,屏東縣,22079
2019_07,駁二藝術特區,高雄市,418103
2019_08,陽明山遊客中心,臺北市,21888
2019_08,陽明公園,臺北市,13300
2019_08,擎天崗,臺北市,43875
2019_08,國立故宮博物院,臺北市,354840
2019_08,淡水漁人碼頭,新北市,309571
2019_08,新北市立黃金博物館,新北市,188849
2019_08,國立自然科學博物館,臺中市,312565
2019_08,國立臺灣美術館(含美術園道商圈),臺中市,66180
2019_08,臺中國家歌劇院,臺中市,144835
2019_08,日月潭環潭區,南投縣,356557
2019_08,清境農場,南投縣,101806
2019_08,溪頭自然教育園區,南投縣,139557
2019_08,蓮池潭,高雄市,370651
2019_08,國立科學工藝博物館,高雄市,246879
2019_08,高雄市立美術館,高雄市,55336
2019_08,旗津風景區,高雄市,354040
2019_08,墾丁國家森林遊樂區,屏東縣,7027
2019_08,國立海洋生物博物館,屏東縣,123268
2019_08,墾丁海水浴場,屏東縣,22052
2019_08,駁二藝術特區,高雄市,402944
2019_09,陽明山遊客中心,臺北市,13500
2019_09,陽明公園,臺北市,13500
2019_09,擎天崗,臺北市,51621
2019_09,國立故宮博物院,臺北市,191623
2019_09,淡水漁人碼頭,新北市,262282
2019_09,新北市立黃金博物館,新北市,140415
2019_09,國立自然科學博物館,臺中市,183641
2019_09,國立臺灣美術館(含美術園道商圈),臺中市,49595
2019_09,臺中國家歌劇院,臺中市,98128
2019_09,日月潭環潭區,南投縣,315466
2019_09,清境農場,南投縣,83626
2019_09,溪頭自然教育園區,南投縣,195241
2019_09,蓮池潭,高雄市,370752
2019_09,國立科學工藝博物館,高雄市,139872
2019_09,高雄市立美術館,高雄市,37113
2019_09,旗津風景區,高雄市,383953
2019_09,墾丁國家森林遊樂區,屏東縣,9678
2019_09,國立海洋生物博物館,屏東縣,84178
2019_09,墾丁海水浴場,屏東縣,20674
2019_09,駁二藝術特區,高雄市,195000
2019_10,陽明山遊客中心,臺北市,17686
2019_10,陽明公園,臺北市,9800
2019_10,擎天崗,臺北市,80294
2019_10,國立故宮博物院,臺北市,266119
2019_10,淡水漁人碼頭,新北市,302831
2019_10,新北市立黃金博物館,新北市,193432
2019_10,國立自然科學博物館,臺中市,199133
2019_10,國立臺灣美術館(含美術園道商圈),臺中市,61345
2019_10,臺中國家歌劇院,臺中市,130711
2019_10,日月潭環潭區,南投縣,368067
2019_10,清境農場,南投縣,118380
2019_10,溪頭自然教育園區,南投縣,185369
2019_10,蓮池潭,高雄市,1096208
2019_10,國立科學工藝博物館,高雄市,290484
2019_10,高雄市立美術館,高雄市,43001
2019_10,旗津風景區,高雄市,418384
2019_10,墾丁國家森林遊樂區,屏東縣,15195
2019_10,國立海洋生物博物館,屏東縣,106290
2019_10,墾丁海水浴場,屏東縣,21946
2019_10,駁二藝術特區,高雄市,381651
2019_11,陽明山遊客中心,臺北市,16880
2019_11,陽明公園,臺北市,9400
2019_11,擎天崗,臺北市,78972
2019_11,國立故宮博物院,臺北市,276443
2019_11,淡水漁人碼頭,新北市,294193
2019_11,新北市立黃金博物館,新北市,167976
2019_11,國立自然科學博物館,臺中市,162462
2019_11,國立臺灣美術館(含美術園道商圈),臺中市,57814
2019_11,臺中國家歌劇院,臺中市,127593
2019_11,日月潭環潭區,南投縣,458879
2019_11,清境農場,南投縣,123630
2019_11,溪頭自然教育園區,南投縣,161793
2019_11,蓮池潭,高雄市,368227
2019_11,國立科學工藝博物館,高雄市,131846
2019_11,高雄市立美術館,高雄市,44508
2019_11,旗津風景區,高雄市,611582
2019_11,墾丁國家森林遊樂區,屏東縣,14264
2019_11,國立海洋生物博物館,屏東縣,65954
2019_11,墾丁海水浴場,屏東縣,19391
2019_11,駁二藝術特區,高雄市,219847
2019_12,陽明山遊客中心,臺北市,15873
2019_12,陽明公園,臺北市,9300
2019_12,擎天崗,臺北市,56932
2019_12,國立故宮博物院,臺北市,274464
2019_12,淡水漁人碼頭,新北市,295381
2019_12,新北市立黃金博物館,新北市,163568
2019_12,國立自然科學博物館,臺中市,168552
2019_12,國立臺灣美術館(含美術園道商圈),臺中市,49700
2019_12,臺中國家歌劇院,臺中市,121419
2019_12,日月潭環潭區,南投縣,323656
2019_12,清境農場,南投縣,128542
2019_12,溪頭自然教育園區,南投縣,129593
2019_12,蓮池潭,高雄市,392163
2019_12,國立科學工藝博物館,高雄市,127599
2019_12,高雄市立美術館,高雄市,55105
2019_12,旗津風景區,高雄市,751872
2019_12,墾丁國家森林遊樂區,屏東縣,12427
2019_12,國立海洋生物博物館,屏東縣,58573
2019_12,墾丁海水浴場,屏東縣,17573
2019_12,駁二藝術特區,高雄市,258800
2020_01,陽明山遊客中心,臺北市,18936
2020_01,陽明公園,臺北市,63502
2020_01,擎天崗,臺北市,64208
2020_01,國立故宮博物院,臺北市,207677
2020_01,淡水漁人碼頭,新北市,313945
2020_01,新北市立黃金博物館,新北市,154455
2020_01,國立自然科學博物館,臺中市,183464
2020_01,國立臺灣美術館(含美術園道商圈),臺中市,66298
2020_01,臺中國家歌劇院,臺中市,106129
2020_01,日月潭環潭區,南投縣,279692
2020_01,清境農場,南投縣,103628
2020_01,溪頭自然教育園區,南投縣,92091
2020_01,蓮池潭,高雄市,502236
2020_01,國立科學工藝博物館,高雄市,134354
2020_01,高雄市立美術館,高雄市,78291
2020_01,旗津風景區,高雄市,447952
2020_01,墾丁國家森林遊樂區,屏東縣,14697
2020_01,國立海洋生物博物館,屏東縣,83091
2020_01,墾丁海水浴場,屏東縣,17599
2020_01,駁二藝術特區,高雄市,578051
2020_02,陽明山遊客中心,臺北市,14591
2020_02,陽明公園,臺北市,182033
2020_02,擎天崗,臺北市,74443
2020_02,國立故宮博物院,臺北市,62144
2020_02,淡水漁人碼頭,新北市,206618
2020_02,新北市立黃金博物館,新北市,82279
2020_02,國立自然科學博物館,臺中市,111952
2020_02,國立臺灣美術館(含美術園道商圈),臺中市,67338
2020_02,臺中國家歌劇院,臺中市,82834
2020_02,日月潭環潭區,南投縣,486382
2020_02,清境農場,南投縣,86703
2020_02,溪頭自然教育園區,南投縣,93097
2020_02,蓮池潭,高雄市,313404
2020_02,國立科學工藝博物館,高雄市,123136
2020_02,高雄市立美術館,高雄市,44385
2020_02,旗津風景區,高雄市,350254
2020_02,墾丁國家森林遊樂區,屏東縣,10345
2020_02,國立海洋生物博物館,屏東縣,42116
2020_02,墾丁海水浴場,屏東縣,18745
2020_02,駁二藝術特區,高雄市,210428
2020_03,陽明山遊客中心,臺北市,12992
2020_03,陽明公園,臺北市,395529
2020_03,擎天崗,臺北市,32642
2020_03,國立故宮博物院,臺北市,15436
2020_03,淡水漁人碼頭,新北市,129651
2020_03,新北市立黃金博物館,新北市,31771
2020_03,國立自然科學博物館,臺中市,58370
2020_03,國立臺灣美術館(含美術園道商圈),臺中市,25534
2020_03,臺中國家歌劇院,臺中市,42084
2020_03,日月潭環潭區,南投縣,172103
2020_03,清境農場,南投縣,51273
2020_03,溪頭自然教育園區,南投縣,91118
2020_03,蓮池潭,高雄市,180133
2020_03,國立科學工藝博物館,高雄市,54449
2020_03,高雄市立美術館,高雄市,23374
2020_03,旗津風景區,高雄市,204872
2020_03,墾丁國家森林遊樂區,屏東縣,5776
2020_03,國立海洋生物博物館,屏東縣,21375
2020_03,墾丁海水浴場,屏東縣,19428
2020_03,駁二藝術特區,高雄市,152400
2020_04,陽明山遊客中心,臺北市,9603
2020_04,陽明公園,臺北市,17600
2020_04,擎天崗,臺北市,34083
2020_04,國立故宮博物院,臺北市,10141
2020_04,淡水漁人碼頭,新北市,78573
2020_04,新北市立黃金博物館,新北市,0
2020_04,國立自然科學博物館,臺中市,54083
2020_04,國立臺灣美術館(含美術園道商圈),臺中市,17371
2020_04,臺中國家歌劇院,臺中市,26631
2020_04,日月潭環潭區,南投縣,65845
2020_04,清境農場,南投縣,38401
2020_04,溪頭自然教育園區,南投縣,81190
2020_04,蓮池潭,高雄市,87304
2020_04,國立科學工藝博物館,高雄市,27124
2020_04,高雄市立美術館,高雄市,17471
2020_04,旗津風景區,高雄市,166996
2020_04,墾丁國家森林遊樂區,屏東縣,5972
2020_04,國立海洋生物博物館,屏東縣,16198
2020_04,墾丁海水浴場,屏東縣,11850
2020_04,駁二藝術特區,高雄市,58300
2020_05,陽明山遊客中心,臺北市,10249
2020_05,陽明公園,臺北市,10400
2020_05,擎天崗,臺北市,37021
2020_05,國立故宮博物院,臺北市,20489
2020_05,淡水漁人碼頭,新北市,170552
2020_05,新北市立黃金博物館,新北市,46264
2020_05,國立自然科學博物館,臺中市,105805
2020_05,國立臺灣美術館(含美術園道商圈),臺中市,30775
2020_05,臺中國家歌劇院,臺中市,41707
2020_05,日月潭環潭區,南投縣,73300
2020_05,清境農場,南投縣,40787
2020_05,溪頭自然教育園區,南投縣,111620
2020_05,蓮池潭,高雄市,85378
2020_05,國立科學工藝博物館,高雄市,30115
2020_05,高雄市立美術館,高雄市,25589
2020_05,旗津風景區,高雄市,178474
2020_05,墾丁國家森林遊樂區,屏東縣,4327
2020_05,國立海洋生物博物館,屏東縣,32276
2020_05,墾丁海水浴場,屏東縣,20382
2020_05,駁二藝術特區,高雄市,52740
2020_06,陽明山遊客中心,臺北市,12303
2020_06,陽明公園,臺北市,20600
2020_06,擎天崗,臺北市,52060
2020_06,國立故宮博物院,臺北市,30693
2020_06,淡水漁人碼頭,新北市,123819
2020_06,新北市立黃金博物館,新北市,95832
2020_06,國立自然科學博物館,臺中市,216939
2020_06,國立臺灣美術館(含美術園道商圈),臺中市,41301
2020_06,臺中國家歌劇院,臺中市,56324
2020_06,日月潭環潭區,南投縣,236161
2020_06,清境農場,南投縣,78014
2020_06,溪頭自然教育園區,南投縣,180437
2020_06,蓮池潭,高雄市,108034
2020_06,國立科學工藝博物館,高雄市,142056
2020_06,高雄市立美術館,高雄市,16401
2020_06,旗津風景區,高雄市,245173
2020_06,墾丁國家森林遊樂區,屏東縣,9327
2020_06,國立海洋生物博物館,屏東縣,93794
2020_06,墾丁海水浴場,屏東縣,24829
2020_06,駁二藝術特區,高雄市,194967
2020_07,陽明山遊客中心,臺北市,13064
2020_07,陽明公園,臺北市,15600
2020_07,擎天崗,臺北市,45108
2020_07,國立故宮博物院,臺北市,51837
2020_07,淡水漁人碼頭,新北市,191622
2020_07,新北市立黃金博物館,新北市,111883
2020_07,國立自然科學博物館,臺中市,311543
2020_07,國立臺灣美術館(含美術園道商圈),臺中市,54769
2020_07,臺中國家歌劇院,臺中市,89589
2020_07,日月潭環潭區,南投縣,549567
2020_07,清境農場,南投縣,111686
2020_07,溪頭自然教育園區,南投縣,234411
2020_07,蓮池潭,高雄市,193016
2020_07,國立科學工藝博物館,高雄市,220525
2020_07,高雄市立美術館,高雄市,26260
2020_07,旗津風景區,高雄市,247714
2020_07,墾丁國家森林遊樂區,屏東縣,14654
2020_07,國立海洋生物博物館,屏東縣,174957
2020_07,墾丁海水浴場,屏東縣,25948
2020_07,駁二藝術特區,高雄市,380160
2020_08,陽明山遊客中心,臺北市,10650
2020_08,陽明公園,臺北市,17800
2020_08,擎天崗,臺北市,48245
2020_08,國立故宮博物院,臺北市,59923
2020_08,淡水漁人碼頭,新北市,191623
2020_08,新北市立黃金博物館,新北市,126276
2020_08,國立自然科學博物館,臺中市,381018
2020_08,國立臺灣美術館(含美術園道商圈),臺中市,59341
2020_08,臺中國家歌劇院,臺中市,80947
2020_08,日月潭環潭區,南投縣,641176
2020_08,清境農場,南投縣,119974
2020_08,溪頭自然教育園區,南投縣,189146
2020_08,蓮池潭,高雄市,152728
2020_08,國立科學工藝博物館,高雄市,271202
2020_08,高雄市立美術館,高雄市,23268
2020_08,旗津風景區,高雄市,250117
2020_08,墾丁國家森林遊樂區,屏東縣,14566
2020_08,國立海洋生物博物館,屏東縣,213380
2020_08,墾丁海水浴場,屏東縣,24014
2020_08,駁二藝術特區,高雄市,400498
2020_09,陽明山遊客中心,臺北市,9458
2020_09,陽明公園,臺北市,15420
2020_09,擎天崗,臺北市,28382
2020_09,國立故宮博物院,臺北市,35828
2020_09,淡水漁人碼頭,新北市,173902
2020_09,新北市立黃金博物館,新北市,82825
2020_09,國立自然科學博物館,臺中市,168996
2020_09,國立臺灣美術館(含美術園道商圈),臺中市,35778
2020_09,臺中國家歌劇院,臺中市,113214
2020_09,日月潭環潭區,南投縣,238516
2020_09,清境農場,南投縣,70479
2020_09,溪頭自然教育園區,南投縣,179940
2020_09,蓮池潭,高雄市,159821
2020_09,國立科學工藝博物館,高雄市,150397
2020_09,高雄市立美術館,高雄市,21940
2020_09,旗津風景區,高雄市,354489
2020_09,墾丁國家森林遊樂區,屏東縣,13813
2020_09,國立海洋生物博物館,屏東縣,84621
2020_09,墾丁海水浴場,屏東縣,23059
2020_09,駁二藝術特區,高雄市,200180
2020_10,陽明山遊客中心,臺北市,9071
2020_10,陽明公園,臺北市,7380
2020_10,擎天崗,臺北市,47421
2020_10,國立故宮博物院,臺北市,58803
2020_10,淡水漁人碼頭,新北市,173902
2020_10,新北市立黃金博物館,新北市,118057
2020_10,國立自然科學博物館,臺中市,254517
2020_10,國立臺灣美術館(含美術園道商圈),臺中市,68919
2020_10,臺中國家歌劇院,臺中市,158458
2020_10,日月潭環潭區,南投縣,252805
2020_10,清境農場,南投縣,103681
2020_10,溪頭自然教育園區,南投縣,175803
2020_10,蓮池潭,高雄市,530288
2020_10,國立科學工藝博物館,高雄市,257442
2020_10,高雄市立美術館,高雄市,25006
2020_10,旗津風景區,高雄市,353231
2020_10,墾丁國家森林遊樂區,屏東縣,20204
2020_10,國立海洋生物博物館,屏東縣,101464
2020_10,墾丁海水浴場,屏東縣,24199
2020_10,駁二藝術特區,高雄市,489900
2020_11,陽明山遊客中心,臺北市,8622
2020_11,陽明公園,臺北市,10070
2020_11,擎天崗,臺北市,48245
2020_11,國立故宮博物院,臺北市,43382
2020_11,淡水漁人碼頭,新北市,192862
2020_11,新北市立黃金博物館,新北市,86170
2020_11,國立自然科學博物館,臺中市,243578
2020_11,國立臺灣美術館(含美術園道商圈),臺中市,47753
2020_11,臺中國家歌劇院,臺中市,106662
2020_11,日月潭環潭區,南投縣,283130
2020_11,清境農場,南投縣,86968
2020_11,溪頭自然教育園區,南投縣,153345
2020_11,蓮池潭,高雄市,164577
2020_11,國立科學工藝博物館,高雄市,152065
2020_11,高雄市立美術館,高雄市,20867
2020_11,旗津風景區,高雄市,275237
2020_11,墾丁國家森林遊樂區,屏東縣,16757
2020_11,國立海洋生物博物館,屏東縣,61886
2020_11,墾丁海水浴場,屏東縣,20340
2020_11,駁二藝術特區,高雄市,420000
2020_12,陽明山遊客中心,臺北市,5340
2020_12,陽明公園,臺北市,8690
2020_12,擎天崗,臺北市,26239
2020_12,國立故宮博物院,臺北市,45810
2020_12,淡水漁人碼頭,新北市,139129
2020_12,新北市立黃金博物館,新北市,55604
2020_12,國立自然科學博物館,臺中市,172235
2020_12,國立臺灣美術館(含美術園道商圈),臺中市,44449
2020_12,臺中國家歌劇院,臺中市,92923
2020_12,日月潭環潭區,南投縣,195726
2020_12,清境農場,南投縣,76605
2020_12,溪頭自然教育園區,南投縣,128186
2020_12,蓮池潭,高雄市,169463
2020_12,國立科學工藝博物館,高雄市,123360
2020_12,高雄市立美術館,高雄市,88103
2020_12,旗津風景區,高雄市,279661
2020_12,墾丁國家森林遊樂區,屏東縣,18387
2020_12,國立海洋生物博物館,屏東縣,49792
2020_12,墾丁海水浴場,屏東縣,17149
2020_12,駁二藝術特區,高雄市,502142
2021_01,陽明山遊客中心,臺北市,9087
2021_01,陽明公園,臺北市,14994
2021_01,擎天崗,臺北市,40270
2021_01,國立故宮博物院,臺北市,44342
2021_01,淡水漁人碼頭,新北市,136954
2021_01,新北市立黃金博物館,新北市,80393
2021_01,國立自然科學博物館,臺中市,191959
2021_01,國立臺灣美術館(含美術園道商圈),臺中市,50560
2021_01,臺中國家歌劇院,臺中市,70761
2021_01,日月潭環潭區,南投縣,132709
2021_01,清境農場,南投縣,71949
2021_01,溪頭自然教育園區,南投縣,103691
2021_01,蓮池潭,高雄市,179034
2021_01,國立科學工藝博物館,高雄市,115538
2021_01,高雄市立美術館,高雄市,46942
2021_01,旗津風景區,高雄市,271261
2021_01,墾丁國家森林遊樂區,屏東縣,13531
2021_01,國立海洋生物博物館,屏東縣,44623
2021_01,墾丁海水浴場,屏東縣,13491
2021_01,駁二藝術特區,高雄市,330202
2021_02,陽明山遊客中心,臺北市,10321
2021_02,陽明公園,臺北市,609339
2021_02,擎天崗,臺北市,49435
2021_02,國立故宮博物院,臺北市,53268
2021_02,淡水漁人碼頭,新北市,178414
2021_02,新北市立黃金博物館,新北市,78071
2021_02,國立自然科學博物館,臺中市,187161
2021_02,國立臺灣美術館(含美術園道商圈),臺中市,107985
2021_02,臺中國家歌劇院,臺中市,58994
2021_02,日月潭環潭區,南投縣,566576
2021_02,清境農場,南投縣,101426
2021_02,溪頭自然教育園區,南投縣,87330
2021_02,蓮池潭,高雄市,293248
2021_02,國立科學工藝博物館,高雄市,137247
2021_02,高雄市立美術館,高雄市,81580
2021_02,旗津風景區,高雄市,377906
2021_02,墾丁國家森林遊樂區,屏東縣,19606
2021_02,國立海洋生物博物館,屏東縣,82828
2021_02,墾丁海水浴場,屏東縣,19056
2021_02,駁二藝術特區,高雄市,400736
2021_03,陽明山遊客中心,臺北市,9338
2021_03,陽明公園,臺北市,572943
2021_03,擎天崗,臺北市,37515
2021_03,國立故宮博物院,臺北市,33743
2021_03,淡水漁人碼頭,新北市,144812
2021_03,新北市立黃金博物館,新北市,70152
2021_03,國立自然科學博物館,臺中市,145688
2021_03,國立臺灣美術館(含美術園道商圈),臺中市,50521
2021_03,臺中國家歌劇院,臺中市,72877
2021_03,日月潭環潭區,南投縣,473810
2021_03,清境農場,南投縣,58527
2021_03,溪頭自然教育園區,南投縣,130477
2021_03,蓮池潭,高雄市,175406
2021_03,國立科學工藝博物館,高雄市,79632
2021_03,高雄市立美術館,高雄市,84285
2021_03,旗津風景區,高雄市,267798
2021_03,墾丁國家森林遊樂區,屏東縣,12610
2021_03,國立海洋生物博物館,屏東縣,48102
2021_03,墾丁海水浴場,屏東縣,24067
2021_03,駁二藝術特區,高雄市,200400
2021_04,陽明山遊客中心,臺北市,11290
2021_04,陽明公園,臺北市,12322
2021_04,擎天崗,臺北市,45944
2021_04,國立故宮博物院,臺北市,57620
2021_04,淡水漁人碼頭,新北市,161227
2021_04,新北市立黃金博物館,新北市,86724
2021_04,國立自然科學博物館,臺中市,192249
2021_04,國立臺灣美術館(含美術園道商圈),臺中市,59418
2021_04,臺中國家歌劇院,臺中市,84679
2021_04,日月潭環潭區,南投縣,223321
2021_04,清境農場,南投縣,62418
2021_04,溪頭自然教育園區,南投縣,147719
2021_04,蓮池潭,高雄市,186048
2021_04,國立科學工藝博物館,高雄市,171089
2021_04,高雄市立美術館,高雄市,100369
2021_04,旗津風景區,高雄市,292601
2021_04,墾丁國家森林遊樂區,屏東縣,15156
2021_04,國立海洋生物博物館,屏東縣,72962
2021_04,墾丁海水浴場,屏東縣,19930
2021_04,駁二藝術特區,高雄市,204540
2021_05,陽明山遊客中心,臺北市,4219
2021_05,陽明公園,臺北市,3022
2021_05,擎天崗,臺北市,22426
2021_05,國立故宮博物院,臺北市,19077
2021_05,淡水漁人碼頭,新北市,101610
2021_05,新北市立黃金博物館,新北市,30020
2021_05,國立自然科學博物館,臺中市,72246
2021_05,國立臺灣美術館(含美術園道商圈),臺中市,18922
2021_05,臺中國家歌劇院,臺中市,39116
2021_05,日月潭環潭區,南投縣,65533
2021_05,清境農場,南投縣,29131
2021_05,溪頭自然教育園區,南投縣,81988
2021_05,蓮池潭,高雄市,67918
2021_05,國立科學工藝博物館,高雄市,89760
2021_05,高雄市立美術館,高雄市,34662
2021_05,旗津風景區,高雄市,154147
2021_05,墾丁國家森林遊樂區,屏東縣,7004
2021_05,國立海洋生物博物館,屏東縣,29853
2021_05,墾丁海水浴場,屏東縣,10788
2021_05,駁二藝術特區,高雄市,77377
2021_06,陽明山遊客中心,臺北市,0
2021_06,陽明公園,臺北市,18052
2021_06,擎天崗,臺北市,827
2021_06,國立故宮博物院,臺北市,0
2021_06,淡水漁人碼頭,新北市,60416
2021_06,新北市立黃金博物館,新北市,0
2021_06,國立自然科學博物館,臺中市,0
2021_06,國立臺灣美術館(含美術園道商圈),臺中市,0
2021_06,臺中國家歌劇院,臺中市,0
2021_06,日月潭環潭區,南投縣,0
2021_06,清境農場,南投縣,0
2021_06,溪頭自然教育園區,南投縣,0
2021_06,蓮池潭,高雄市,19085
2021_06,國立科學工藝博物館,高雄市,12557
2021_06,高雄市立美術館,高雄市,0
2021_06,旗津風景區,高雄市,63088
2021_06,墾丁國家森林遊樂區,屏東縣,0
2021_06,國立海洋生物博物館,屏東縣,0
2021_06,墾丁海水浴場,屏東縣,0
2021_06,駁二藝術特區,高雄市,0
2021_07,陽明山遊客中心,臺北市,175
2021_07,陽明公園,臺北市,9750
2021_07,擎天崗,臺北市,7735
2021_07,國立故宮博物院,臺北市,2891
2021_07,淡水漁人碼頭,新北市,67326
2021_07,新北市立黃金博物館,新北市,2526
2021_07,國立自然科學博物館,臺中市,14155
2021_07,國立臺灣美術館(含美術園道商圈),臺中市,2629
2021_07,臺中國家歌劇院,臺中市,3508
2021_07,日月潭環潭區,南投縣,18615
2021_07,清境農場,南投縣,18498
2021_07,溪頭自然教育園區,南投縣,9989
2021_07,蓮池潭,高雄市,17147
2021_07,國立科學工藝博物館,高雄市,30861
2021_07,高雄市立美術館,高雄市,8274
2021_07,旗津風景區,高雄市,96060
2021_07,墾丁國家森林遊樂區,屏東縣,1251
2021_07,國立海洋生物博物館,屏東縣,7980
2021_07,墾丁海水浴場,屏東縣,1079
2021_07,駁二藝術特區,高雄市,1000
2021_08,陽明山遊客中心,臺北市,835
2021_08,陽明公園,臺北市,14460
2021_08,擎天崗,臺北市,22205
2021_08,國立故宮博物院,臺北市,18740
2021_08,淡水漁人碼頭,新北市,95513
2021_08,新北市立黃金博物館,新北市,11877
2021_08,國立自然科學博物館,臺中市,83982
2021_08,國立臺灣美術館(含美術園道商圈),臺中市,18958
2021_08,臺中國家歌劇院,臺中市,33553
2021_08,日月潭環潭區,南投縣,93487
2021_08,清境農場,南投縣,57414
2021_08,溪頭自然教育園區,南投縣,72945
2021_08,蓮池潭,高雄市,24827
2021_08,國立科學工藝博物館,高雄市,51088
2021_08,高雄市立美術館,高雄市,54949
2021_08,旗津風景區,高雄市,157505
2021_08,墾丁國家森林遊樂區,屏東縣,5675
2021_08,國立海洋生物博物館,屏東縣,54110
2021_08,墾丁海水浴場,屏東縣,10602
2021_08,駁二藝術特區,高雄市,8911
2021_09,陽明山遊客中心,臺北市,1201
2021_09,陽明公園,臺北市,13520
2021_09,擎天崗,臺北市,23454
2021_09,國立故宮博物院,臺北市,19855
2021_09,淡水漁人碼頭,新北市,100929
2021_09,新北市立黃金博物館,新北市,13690
2021_09,國立自然科學博物館,臺中市,92984
2021_09,國立臺灣美術館(含美術園道商圈),臺中市,22262
2021_09,臺中國家歌劇院,臺中市,48770
2021_09,日月潭環潭區,南投縣,71826
2021_09,清境農場,南投縣,60470
2021_09,溪頭自然教育園區,南投縣,127233
2021_09,蓮池潭,高雄市,27498
2021_09,國立科學工藝博物館,高雄市,54983
2021_09,高雄市立美術館,高雄市,82356
2021_09,旗津風景區,高雄市,208889
2021_09,墾丁國家森林遊樂區,屏東縣,8286
2021_09,國立海洋生物博物館,屏東縣,57066
2021_09,墾丁海水浴場,屏東縣,15236
2021_09,駁二藝術特區,高雄市,45671
2021_10,陽明山遊客中心,臺北市,1127
2021_10,陽明公園,臺北市,6308
2021_10,擎天崗,臺北市,23454
2021_10,國立故宮博物院,臺北市,70089
2021_10,淡水漁人碼頭,新北市,165001
2021_10,新北市立黃金博物館,新北市,25420
2021_10,國立自然科學博物館,臺中市,155223
2021_10,國立臺灣美術館(含美術園道商圈),臺中市,34297
2021_10,臺中國家歌劇院,臺中市,91325
2021_10,日月潭環潭區,南投縣,162146
2021_10,清境農場,南投縣,79352
2021_10,溪頭自然教育園區,南投縣,140169
2021_10,蓮池潭,高雄市,44906
2021_10,國立科學工藝博物館,高雄市,106229
2021_10,高雄市立美術館,高雄市,113829
2021_10,旗津風景區,高雄市,276432
2021_10,墾丁國家森林遊樂區,屏東縣,9658
2021_10,國立海洋生物博物館,屏東縣,81334
2021_10,墾丁海水浴場,屏東縣,20223
2021_10,駁二藝術特區,高雄市,209900
2021_11,陽明山遊客中心,臺北市,1555
2021_11,陽明公園,臺北市,5970
2021_11,擎天崗,臺北市,31184
2021_11,國立故宮博物院,臺北市,62295
2021_11,淡水漁人碼頭,新北市,123142
2021_11,新北市立黃金博物館,新北市,58962
2021_11,國立自然科學博物館,臺中市,222899
2021_11,國立臺灣美術館(含美術園道商圈),臺中市,34128
2021_11,臺中國家歌劇院,臺中市,89105
2021_11,日月潭環潭區,南投縣,272386
2021_11,清境農場,南投縣,82812
2021_11,溪頭自然教育園區,南投縣,147699
2021_11,蓮池潭,高雄市,73763
2021_11,國立科學工藝博物館,高雄市,183317
2021_11,高雄市立美術館,高雄市,44520
2021_11,旗津風景區,高雄市,282805
2021_11,墾丁國家森林遊樂區,屏東縣,17397
2021_11,國立海洋生物博物館,屏東縣,72220
2021_11,墾丁海水浴場,屏東縣,23059
2021_11,駁二藝術特區,高雄市,213835
2021_12,陽明山遊客中心,臺北市,3309
2021_12,陽明公園,臺北市,6622
2021_12,擎天崗,臺北市,23673
2021_12,國立故宮博物院,臺北市,34916
2021_12,淡水漁人碼頭,新北市,136970
2021_12,新北市立黃金博物館,新北市,57097
2021_12,國立自然科學博物館,臺中市,207570
2021_12,國立臺灣美術館(含美術園道商圈),臺中市,34833
2021_12,臺中國家歌劇院,臺中市,139902
2021_12,日月潭環潭區,南投縣,313599
2021_12,清境農場,南投縣,81831
2021_12,溪頭自然教育園區,南投縣,135629
2021_12,蓮池潭,高雄市,48090
2021_12,國立科學工藝博物館,高雄市,137166
2021_12,高雄市立美術館,高雄市,62594
2021_12,旗津風景區,高雄市,273199
2021_12,墾丁國家森林遊樂區,屏東縣,20901
2021_12,國立海洋生物博物館,屏東縣,68799
2021_12,墾丁海水浴場,屏東縣,21628
2021_12,駁二藝術特區,高雄市,1214270
2022_01,陽明山遊客中心,臺北市,4733
2022_01,陽明公園,臺北市,202150
2022_01,擎天崗,臺北市,21729
2022_01,國立故宮博物院,臺北市,34727
2022_01,淡水漁人碼頭,新北市,94946
2022_01,新北市立黃金博物館,新北市,38686
2022_01,國立自然科學博物館,臺中市,177202
2022_01,國立臺灣美術館(含美術園道商圈),臺中市,45330
2022_01,臺中國家歌劇院,臺中市,55928
2022_01,日月潭環潭區,南投縣,190230
2022_01,清境農場,南投縣,62844
2022_01,溪頭自然教育園區,南投縣,83870
2022_01,蓮池潭,高雄市,80582
2022_01,國立科學工藝博物館,高雄市,101717
2022_01,高雄市立美術館,高雄市,50986
2022_01,旗津風景區,高雄市,205246
2022_01,墾丁國家森林遊樂區,屏東縣,14686
2022_01,國立海洋生物博物館,屏東縣,57940
2022_01,墾丁海水浴場,屏東縣,17493
2022_01,駁二藝術特區,高雄市,485083
2022_02,陽明山遊客中心,臺北市,6628
2022_02,陽明公園,臺北市,278450
2022_02,擎天崗,臺北市,20132
2022_02,國立故宮博物院,臺北市,37931
2022_02,淡水漁人碼頭,新北市,102044
2022_02,新北市立黃金博物館,新北市,44527
2022_02,國立自然科學博物館,臺中市,182820
2022_02,國立臺灣美術館(含美術園道商圈),臺中市,51473
2022_02,臺中國家歌劇院,臺中市,72096
2022_02,日月潭環潭區,南投縣,558367
2022_02,清境農場,南投縣,92438
2022_02,溪頭自然教育園區,南投縣,79494
2022_02,蓮池潭,高雄市,84884
2022_02,國立科學工藝博物館,高雄市,150628
2022_02,高雄市立美術館,高雄市,77810
2022_02,旗津風景區,高雄市,146085
2022_02,墾丁國家森林遊樂區,屏東縣,16437
2022_02,國立海洋生物博物館,屏東縣,74747
2022_02,墾丁海水浴場,屏東縣,14891
2022_02,駁二藝術特區,高雄市,2650740
2022_03,陽明山遊客中心,臺北市,7705
2022_03,陽明公園,臺北市,544370
2022_03,擎天崗,臺北市,30926
2022_03,國立故宮博物院,臺北市,32976
2022_03,淡水漁人碼頭,新北市,115627
2022_03,新北市立黃金博物館,新北市,60751
2022_03,國立自然科學博物館,臺中市,184470
2022_03,國立臺灣美術館(含美術園道商圈),臺中市,34090
2022_03,臺中國家歌劇院,臺中市,78965
2022_03,日月潭環潭區,南投縣,384485
2022_03,清境農場,南投縣,62799
2022_03,溪頭自然教育園區,南投縣,117015
2022_03,蓮池潭,高雄市,78435
2022_03,國立科學工藝博物館,高雄市,143472
2022_03,高雄市立美術館,高雄市,99437
2022_03,旗津風景區,高雄市,264210
2022_03,墾丁國家森林遊樂區,屏東縣,17104
2022_03,國立海洋生物博物館,屏東縣,59094
2022_03,墾丁海水浴場,屏東縣,20674
2022_03,駁二藝術特區,高雄市,312061
2022_04,陽明山遊客中心,臺北市,5146
2022_04,陽明公園,臺北市,525003
2022_04,擎天崗,臺北市,34801
2022_04,國立故宮博物院,臺北市,25908
2022_04,淡水漁人碼頭,新北市,114439
2022_04,新北市立黃金博物館,新北市,48771
2022_04,國立自然科學博物館,臺中市,113725
2022_04,國立臺灣美術館(含美術園道商圈),臺中市,26105
2022_04,臺中國家歌劇院,臺中市,53743
2022_04,日月潭環潭區,南投縣,177944
2022_04,清境農場,南投縣,55108
2022_04,溪頭自然教育園區,南投縣,101027
2022_04,蓮池潭,高雄市,156142
2022_04,國立科學工藝博物館,高雄市,125985
2022_04,高雄市立美術館,高雄市,132077
2022_04,旗津風景區,高雄市,761025
2022_04,墾丁國家森林遊樂區,屏東縣,12602
2022_04,國立海洋生物博物館,屏東縣,51917
2022_04,墾丁海水浴場,屏東縣,16006
2022_04,駁二藝術特區,高雄市,204002
2022_05,陽明山遊客中心,臺北市,3517
2022_05,陽明公園,臺北市,219193
2022_05,擎天崗,臺北市,16189
2022_05,國立故宮博物院,臺北市,16461
2022_05,淡水漁人碼頭,新北市,97126
2022_05,新北市立黃金博物館,新北市,30124
2022_05,國立自然科學博物館,臺中市,57562
2022_05,國立臺灣美術館(含美術園道商圈),臺中市,16798
2022_05,臺中國家歌劇院,臺中市,29690
2022_05,日月潭環潭區,南投縣,42308
2022_05,清境農場,南投縣,19845
2022_05,溪頭自然教育園區,南投縣,53811
2022_05,蓮池潭,高雄市,138487
2022_05,國立科學工藝博物館,高雄市,76701
2022_05,高雄市立美術館,高雄市,122219
2022_05,旗津風景區,高雄市,573069
2022_05,墾丁國家森林遊樂區,屏東縣,13036
2022_05,國立海洋生物博物館,屏東縣,26810
2022_05,墾丁海水浴場,屏東縣,10178
2022_05,駁二藝術特區,高雄市,186996
2022_06,陽明山遊客中心,臺北市,7594
2022_06,陽明公園,臺北市,207641
2022_06,擎天崗,臺北市,38108
2022_06,國立故宮博物院,臺北市,28804
2022_06,淡水漁人碼頭,新北市,123886
2022_06,新北市立黃金博物館,新北市,49325
2022_06,國立自然科學博物館,臺中市,111171
2022_06,國立臺灣美術館(含美術園道商圈),臺中市,25979
2022_06,臺中國家歌劇院,臺中市,50020
2022_06,日月潭環潭區,南投縣,48188
2022_06,清境農場,南投縣,45031
2022_06,溪頭自然教育園區,南投縣,89887
2022_06,蓮池潭,高雄市,140271
2022_06,國立科學工藝博物館,高雄市,76269
2022_06,高雄市立美術館,高雄市,106430
2022_06,旗津風景區,高雄市,747947
2022_06,墾丁國家森林遊樂區,屏東縣,7724
2022_06,國立海洋生物博物館,屏東縣,60699
2022_06,墾丁海水浴場,屏東縣,18365
2022_06,駁二藝術特區,高雄市,222745
2022_07,陽明山遊客中心,臺北市,14315
2022_07,陽明公園,臺北市,296942
2022_07,擎天崗,臺北市,51806
2022_07,國立故宮博物院,臺北市,69660
2022_07,淡水漁人碼頭,新北市,132975
2022_07,新北市立黃金博物館,新北市,91977
2022_07,國立自然科學博物館,臺中市,327499
2022_07,國立臺灣美術館(含美術園道商圈),臺中市,51700
2022_07,臺中國家歌劇院,臺中市,72639
2022_07,日月潭環潭區,南投縣,340158
2022_07,清境農場,南投縣,104337
2022_07,溪頭自然教育園區,南投縣,179605
2022_07,蓮池潭,高雄市,212843
2022_07,國立科學工藝博物館,高雄市,209894
2022_07,高雄市立美術館,高雄市,153212
2022_07,旗津風景區,高雄市,822797
2022_07,墾丁國家森林遊樂區,屏東縣,18350
2022_07,國立海洋生物博物館,屏東縣,149762
2022_07,墾丁海水浴場,屏東縣,24517
2022_07,駁二藝術特區,高雄市,291787
2022_08,陽明山遊客中心,臺北市,11911
2022_08,陽明公園,臺北市,362586
2022_08,擎天崗,臺北市,52038
2022_08,國立故宮博物院,臺北市,70950
2022_08,淡水漁人碼頭,新北市,128162
2022_08,新北市立黃金博物館,新北市,101847
2022_08,國立自然科學博物館,臺中市,310051
2022_08,國立臺灣美術館(含美術園道商圈),臺中市,55733
2022_08,臺中國家歌劇院,臺中市,82874
2022_08,日月潭環潭區,南投縣,553141
2022_08,清境農場,南投縣,107426
2022_08,溪頭自然教育園區,南投縣,177151
2022_08,蓮池潭,高雄市,203979
2022_08,國立科學工藝博物館,高雄市,238060
2022_08,高雄市立美術館,高雄市,153087
2022_08,旗津風景區,高雄市,685727
2022_08,墾丁國家森林遊樂區,屏東縣,16243
2022_08,國立海洋生物博物館,屏東縣,146905
2022_08,墾丁海水浴場,屏東縣,22953
2022_08,駁二藝術特區,高雄市,336937
2022_09,陽明山遊客中心,臺北市,7465
2022_09,陽明公園,臺北市,203882
2022_09,擎天崗,臺北市,32706
2022_09,國立故宮博物院,臺北市,42339
2022_09,淡水漁人碼頭,新北市,146359
2022_09,新北市立黃金博物館,新北市,70596
2022_09,國立自然科學博物館,臺中市,190109
2022_09,國立臺灣美術館(含美術園道商圈),臺中市,42007
2022_09,臺中國家歌劇院,臺中市,72160
2022_09,日月潭環潭區,南投縣,224567
2022_09,清境農場,南投縣,58288
2022_09,溪頭自然教育園區,南投縣,157514
2022_09,蓮池潭,高雄市,167025
2022_09,國立科學工藝博物館,高雄市,154756
2022_09,高雄市立美術館,高雄市,122942
2022_09,旗津風景區,高雄市,388051
2022_09,墾丁國家森林遊樂區,屏東縣,12203
2022_09,國立海洋生物博物館,屏東縣,91291
2022_09,墾丁海水浴場,屏東縣,21546
2022_09,駁二藝術特區,高雄市,280162
2022_10,陽明山遊客中心,臺北市,5787
2022_10,陽明公園,臺北市,184476
2022_10,擎天崗,臺北市,28482
2022_10,國立故宮博物院,臺北市,64834
2022_10,淡水漁人碼頭,新北市,127811
2022_10,新北市立黃金博物館,新北市,61875
2022_10,國立自然科學博物館,臺中市,226250
2022_10,國立臺灣美術館(含美術園道商圈),臺中市,47464
2022_10,臺中國家歌劇院,臺中市,123467
2022_10,日月潭環潭區,南投縣,303441
2022_10,清境農場,南投縣,74211
2022_10,溪頭自然教育園區,南投縣,151151
2022_10,蓮池潭,高雄市,204335
2022_10,國立科學工藝博物館,高雄市,262547
2022_10,高雄市立美術館,高雄市,127460
2022_10,旗津風景區,高雄市,469710
2022_10,墾丁國家森林遊樂區,屏東縣,17335
2022_10,國立海洋生物博物館,屏東縣,92485
2022_10,墾丁海水浴場,屏東縣,19269
2022_10,駁二藝術特區,高雄市,443128
2022_11,陽明山遊客中心,臺北市,6438
2022_11,陽明公園,臺北市,330665
2022_11,擎天崗,臺北市,39082
2022_11,國立故宮博物院,臺北市,57755
2022_11,淡水漁人碼頭,新北市,130026
2022_11,新北市立黃金博物館,新北市,73137
2022_11,國立自然科學博物館,臺中市,207733
2022_11,國立臺灣美術館(含美術園道商圈),臺中市,47095
2022_11,臺中國家歌劇院,臺中市,90390
2022_11,日月潭環潭區,南投縣,311114
2022_11,清境農場,南投縣,73397
2022_11,溪頭自然教育園區,南投縣,142810
2022_11,蓮池潭,高雄市,204480
2022_11,國立科學工藝博物館,高雄市,194042
2022_11,高雄市立美術館,高雄市,149371
2022_11,旗津風景區,高雄市,444218
2022_11,墾丁國家森林遊樂區,屏東縣,14666
2022_11,國立海洋生物博物館,屏東縣,61796
2022_11,墾丁海水浴場,屏東縣,19161
2022_11,駁二藝術特區,高雄市,408840
2022_12,陽明山遊客中心,臺北市,6593
2022_12,陽明公園,臺北市,137314
2022_12,擎天崗,臺北市,27559
2022_12,國立故宮博物院,臺北市,74943
2022_12,淡水漁人碼頭,新北市,117195
2022_12,新北市立黃金博物館,新北市,62544
2022_12,國立自然科學博物館,臺中市,211216
2022_12,國立臺灣美術館(含美術園道商圈),臺中市,43944
2022_12,臺中國家歌劇院,臺中市,160955
2022_12,日月潭環潭區,南投縣,218944
2022_12,清境農場,南投縣,85775
2022_12,溪頭自然教育園區,南投縣,134323
2022_12,蓮池潭,高雄市,219448
2022_12,國立科學工藝博物館,高雄市,141301
2022_12,高雄市立美術館,高雄市,166375
2022_12,旗津風景區,高雄市,469280
2022_12,墾丁國家森林遊樂區,屏東縣,16150
2022_12,國立海洋生物博物館,屏東縣,62503
2022_12,墾丁海水浴場,屏東縣,17599
2022_12,駁二藝術特區,高雄市,422217
2023_01,陽明山遊客中心,臺北市,60330
2023_01,陽明公園,臺北市,351555
2023_01,擎天崗,臺北市,46019
2023_01,國立故宮博物院,臺北市,103511
2023_01,淡水漁人碼頭,新北市,143781
2023_01,新北市立黃金博物館,新北市,82398
2023_01,國立自然科學博物館,臺中市,245635
2023_01,國立臺灣美術館(含美術園道商圈),臺中市,49764
2023_01,臺中國家歌劇院,臺中市,83337
2023_01,日月潭環潭區,南投縣,353344
2023_01,清境農場,南投縣,99468
2023_01,溪頭自然教育園區,南投縣,87491
2023_01,蓮池潭,高雄市,1674710
2023_01,國立科學工藝博物館,高雄市,146453
2023_01,高雄市立美術館,高雄市,163279
2023_01,旗津風景區,高雄市,594462
2023_01,墾丁國家森林遊樂區,屏東縣,23226
2023_01,國立海洋生物博物館,屏東縣,108543
2023_01,墾丁海水浴場,屏東縣,13703
2023_01,駁二藝術特區,高雄市,592764
2023_02,陽明山遊客中心,臺北市,60338
2023_02,陽明公園,臺北市,383053
2023_02,擎天崗,臺北市,48374
2023_02,國立故宮博物院,臺北市,98055
2023_02,淡水漁人碼頭,新北市,122917
2023_02,新北市立黃金博物館,新北市,94255
2023_02,國立自然科學博物館,臺中市,213250
2023_02,國立臺灣美術館(含美術園道商圈),臺中市,45125
2023_02,臺中國家歌劇院,臺中市,95926
2023_02,日月潭環潭區,南投縣,550134
2023_02,清境農場,南投縣,95350
2023_02,溪頭自然教育園區,南投縣,115020
2023_02,蓮池潭,高雄市,381063
2023_02,國立科學工藝博物館,高雄市,140174
2023_02,高雄市立美術館,高雄市,144357
2023_02,旗津風景區,高雄市,457564
2023_02,墾丁國家森林遊樂區,屏東縣,17784
2023_02,國立海洋生物博物館,屏東縣,75750
2023_02,墾丁海水浴場,屏東縣,16471
2023_02,駁二藝術特區,高雄市,395552
2023_03,陽明山遊客中心,臺北市,73293
2023_03,陽明公園,臺北市,658319
2023_03,擎天崗,臺北市,53412
2023_03,國立故宮博物院,臺北市,99299
2023_03,淡水漁人碼頭,新北市,124653
2023_03,新北市立黃金博物館,新北市,84278
2023_03,國立自然科學博物館,臺中市,147327
2023_03,國立臺灣美術館(含美術園道商圈),臺中市,35934
2023_03,臺中國家歌劇院,臺中市,66171
2023_03,日月潭環潭區,南投縣,377220
2023_03,清境農場,南投縣,79847
2023_03,溪頭自然教育園區,南投縣,127511
2023_03,蓮池潭,高雄市,219365
2023_03,國立科學工藝博物館,高雄市,128913
2023_03,高雄市立美術館,高雄市,165838
2023_03,旗津風景區,高雄市,458052
2023_03,墾丁國家森林遊樂區,屏東縣,14043
2023_03,國立海洋生物博物館,屏東縣,53505
2023_03,墾丁海水浴場,屏東縣,147179
2023_03,駁二藝術特區,高雄市,368760
2023_04,陽明山遊客中心,臺北市,70644
2023_04,陽明公園,臺北市,611056
2023_04,擎天崗,臺北市,70576
2023_04,國立故宮博物院,臺北市,125817
2023_04,淡水漁人碼頭,新北市,143669
2023_04,新北市立黃金博物館,新北市,109872
2023_04,國立自然科學博物館,臺中市,249112
2023_04,國立臺灣美術館(含美術園道商圈),臺中市,49953
2023_04,臺中國家歌劇院,臺中市,80488
2023_04,日月潭環潭區,南投縣,282251
2023_04,清境農場,南投縣,86630
2023_04,溪頭自然教育園區,南投縣,130825
2023_04,蓮池潭,高雄市,224728
2023_04,國立科學工藝博物館,高雄市,169886
2023_04,高雄市立美術館,高雄市,160458
2023_04,旗津風景區,高雄市,522138
2023_04,墾丁國家森林遊樂區,屏東縣,19884
2023_04,國立海洋生物博物館,屏東縣,88585
2023_04,墾丁海水浴場,屏東縣,14774
2023_04,駁二藝術特區,高雄市,463866
2023_05,陽明山遊客中心,臺北市,58005
2023_05,陽明公園,臺北市,549175
2023_05,擎天崗,臺北市,45131
2023_05,國立故宮博物院,臺北市,107071
2023_05,淡水漁人碼頭,新北市,127785
2023_05,新北市立黃金博物館,新北市,86767
2023_05,國立自然科學博物館,臺中市,163065
2023_05,國立臺灣美術館(含美術園道商圈),臺中市,38849
2023_05,臺中國家歌劇院,臺中市,61018
2023_05,日月潭環潭區,南投縣,157843
2023_05,清境農場,南投縣,53510
2023_05,溪頭自然教育園區,南投縣,139671
2023_05,蓮池潭,高雄市,218075
2023_05,國立科學工藝博物館,高雄市,136741
2023_05,高雄市立美術館,高雄市,154271
2023_05,旗津風景區,高雄市,433184
2023_05,墾丁國家森林遊樂區,屏東縣,12069
2023_05,國立海洋生物博物館,屏東縣,65740
2023_05,墾丁海水浴場,屏東縣,13597
2023_05,駁二藝術特區,高雄市,364680
2023_06,陽明山遊客中心,臺北市,60807
2023_06,陽明公園,臺北市,483219
2023_06,擎天崗,臺北市,52482
2023_06,國立故宮博物院,臺北市,116323
2023_06,淡水漁人碼頭,新北市,140142
2023_06,新北市立黃金博物館,新北市,93256
2023_06,國立自然科學博物館,臺中市,210366
2023_06,國立臺灣美術館(含美術園道商圈),臺中市,46262
2023_06,臺中國家歌劇院,臺中市,57006
2023_06,日月潭環潭區,南投縣,200897
2023_06,清境農場,南投縣,68970
2023_06,溪頭自然教育園區,南投縣,148849
2023_06,蓮池潭,高雄市,207441
2023_06,國立科學工藝博物館,高雄市,168104
2023_06,高雄市立美術館,高雄市,142556
2023_06,旗津風景區,高雄市,415478
2023_06,墾丁國家森林遊樂區,屏東縣,12225
2023_06,國立海洋生物博物館,屏東縣,93874
2023_06,墾丁海水浴場,屏東縣,18442
2023_06,駁二藝術特區,高雄市,352003
2023_07,陽明山遊客中心,臺北市,74049
2023_07,陽明公園,臺北市,457438
2023_07,擎天崗,臺北市,64993
2023_07,國立故宮博物院,臺北市,137895
2023_07,淡水漁人碼頭,新北市,147329
2023_07,新北市立黃金博物館,新北市,96201
2023_07,國立自然科學博物館,臺中市,325236
2023_07,國立臺灣美術館(含美術園道商圈),臺中市,60201
2023_07,臺中國家歌劇院,臺中市,59732
2023_07,日月潭環潭區,南投縣,214742
2023_07,清境農場,南投縣,82633
2023_07,溪頭自然教育園區,南投縣,171728
2023_07,蓮池潭,高雄市,208589
2023_07,國立科學工藝博物館,高雄市,236640
2023_07,高雄市立美術館,高雄市,145483
2023_07,旗津風景區,高雄市,427080
2023_07,墾丁國家森林遊樂區,屏東縣,15116
2023_07,國立海洋生物博物館,屏東縣,127125
2023_07,墾丁海水浴場,屏東縣,17970
2023_07,駁二藝術特區,高雄市,387440
2023_08,陽明山遊客中心,臺北市,56339
2023_08,陽明公園,臺北市,399813
2023_08,擎天崗,臺北市,45604
2023_08,國立故宮博物院,臺北市,143101
2023_08,淡水漁人碼頭,新北市,140804
2023_08,新北市立黃金博物館,新北市,70154
2023_08,國立自然科學博物館,臺中市,311576
2023_08,國立臺灣美術館(含美術園道商圈),臺中市,62799
2023_08,臺中國家歌劇院,臺中市,68613
2023_08,日月潭環潭區,南投縣,197200
2023_08,清境農場,南投縣,22371
2023_08,溪頭自然教育園區,南投縣,164521
2023_08,蓮池潭,高雄市,207127
2023_08,國立科學工藝博物館,高雄市,255979
2023_08,高雄市立美術館,高雄市,155265
2023_08,旗津風景區,高雄市,407222
2023_08,墾丁國家森林遊樂區,屏東縣,13501
2023_08,國立海洋生物博物館,屏東縣,124078
2023_08,墾丁海水浴場,屏東縣,15452
2023_08,駁二藝術特區,高雄市,376026
2023_09,陽明山遊客中心,臺北市,63333
2023_09,陽明公園,臺北市,475343
2023_09,擎天崗,臺北市,60239
2023_09,國立故宮博物院,臺北市,118554
2023_09,淡水漁人碼頭,新北市,132238
2023_09,新北市立黃金博物館,新北市,53868
2023_09,國立自然科學博物館,臺中市,177365
2023_09,國立臺灣美術館(含美術園道商圈),臺中市,43552
2023_09,臺中國家歌劇院,臺中市,45281
2023_09,日月潭環潭區,南投縣,240921
2023_09,清境農場,南投縣,35186
2023_09,溪頭自然教育園區,南投縣,117819
2023_09,蓮池潭,高雄市,195256
2023_09,國立科學工藝博物館,高雄市,117703
2023_09,高雄市立美術館,高雄市,145701
2023_09,旗津風景區,高雄市,347368
2023_09,墾丁國家森林遊樂區,屏東縣,9418
2023_09,國立海洋生物博物館,屏東縣,59644
2023_09,墾丁海水浴場,屏東縣,12363
2023_09,駁二藝術特區,高雄市,341286
2023_10,陽明山遊客中心,臺北市,64186
2023_10,陽明公園,臺北市,556056
2023_10,擎天崗,臺北市,51394
2023_10,國立故宮博物院,臺北市,167379
2023_10,淡水漁人碼頭,新北市,144154
2023_10,新北市立黃金博物館,新北市,67301
2023_10,國立自然科學博物館,臺中市,230981
2023_10,國立臺灣美術館(含美術園道商圈),臺中市,46421
2023_10,臺中國家歌劇院,臺中市,49588
2023_10,日月潭環潭區,南投縣,203172
2023_10,清境農場,南投縣,66635
2023_10,溪頭自然教育園區,南投縣,138005
2023_10,蓮池潭,高雄市,223186
2023_10,國立科學工藝博物館,高雄市,215626
2023_10,高雄市立美術館,高雄市,156165
2023_10,旗津風景區,高雄市,425969
2023_10,墾丁國家森林遊樂區,屏東縣,10001
2023_10,國立海洋生物博物館,屏東縣,73778
2023_10,墾丁海水浴場,屏東縣,12537
2023_10,駁二藝術特區,高雄市,439624
2023_11,陽明山遊客中心,臺北市,69000
2023_11,陽明公園,臺北市,498650
2023_11,擎天崗,臺北市,83412
2023_11,國立故宮博物院,臺北市,158383
2023_11,淡水漁人碼頭,新北市,157103
2023_11,新北市立黃金博物館,新北市,75622
2023_11,國立自然科學博物館,臺中市,241366
2023_11,國立臺灣美術館(含美術園道商圈),臺中市,41646
2023_11,臺中國家歌劇院,臺中市,51670
2023_11,日月潭環潭區,南投縣,290600
2023_11,清境農場,南投縣,81032
2023_11,溪頭自然教育園區,南投縣,141646
2023_11,蓮池潭,高雄市,212228
2023_11,國立科學工藝博物館,高雄市,173300
2023_11,高雄市立美術館,高雄市,159183
2023_11,旗津風景區,高雄市,390318
2023_11,墾丁國家森林遊樂區,屏東縣,14415
2023_11,國立海洋生物博物館,屏東縣,53338
2023_11,墾丁海水浴場,屏東縣,15185
2023_11,駁二藝術特區,高雄市,355938
2023_12,陽明山遊客中心,臺北市,54682
2023_12,陽明公園,臺北市,488298
2023_12,擎天崗,臺北市,50656
2023_12,國立故宮博物院,臺北市,176802
2023_12,淡水漁人碼頭,新北市,144458
2023_12,新北市立黃金博物館,新北市,70582
2023_12,國立自然科學博物館,臺中市,223069
2023_12,國立臺灣美術館(含美術園道商圈),臺中市,46752
2023_12,臺中國家歌劇院,臺中市,100746
2023_12,日月潭環潭區,南投縣,259331
2023_12,清境農場,南投縣,95846
2023_12,溪頭自然教育園區,南投縣,120427
2023_12,蓮池潭,高雄市,221021
2023_12,國立科學工藝博物館,高雄市,136559
2023_12,高雄市立美術館,高雄市,160563
2023_12,旗津風景區,高雄市,378706
2023_12,墾丁國家森林遊樂區,屏東縣,16831
2023_12,國立海洋生物博物館,屏東縣,54072
2023_12,墾丁海水浴場,屏東縣,11821
2023_12,駁二藝術特區,高雄市,466681
2024_01,陽明山遊客中心,臺北市,65763
2024_01,陽明公園,臺北市,455533
2024_01,擎天崗,臺北市,52885
2024_01,國立故宮博物院,臺北市,159124
2024_01,淡水漁人碼頭,新北市,112521
2024_01,新北市立黃金博物館,新北市,67677
2024_01,國立自然科學博物館,臺中市,189977
2024_01,國立臺灣美術館(含美術園道商圈),臺中市,41492
2024_01,臺中國家歌劇院,臺中市,68675
2024_01,日月潭環潭區,南投縣,149089
2024_01,清境農場,南投縣,53556
2024_01,溪頭自然教育園區,南投縣,89371
2024_01,蓮池潭,高雄市,393938
2024_01,國立科學工藝博物館,高雄市,126599
2024_01,高雄市立美術館,高雄市,155093
2024_01,旗津風景區,高雄市,409696
2024_01,墾丁國家森林遊樂區,屏東縣,12230
2024_01,國立海洋生物博物館,屏東縣,42324
2024_01,墾丁海水浴場,屏東縣,8959
2024_01,駁二藝術特區,高雄市,880693
2024_02,陽明山遊客中心,臺北市,62937
2024_02,陽明公園,臺北市,638718
2024_02,擎天崗,臺北市,54299
2024_02,國立故宮博物院,臺北市,160560
2024_02,淡水漁人碼頭,新北市,154535
2024_02,新北市立黃金博物館,新北市,95896
2024_02,國立自然科學博物館,臺中市,191187
2024_02,國立臺灣美術館(含美術園道商圈),臺中市,42623
2024_02,臺中國家歌劇院,臺中市,78822
2024_02,日月潭環潭區,南投縣,561912
2024_02,清境農場,南投縣,99446
2024_02,溪頭自然教育園區,南投縣,75058
2024_02,蓮池潭,高雄市,469006
2024_02,國立科學工藝博物館,高雄市,149049
2024_02,高雄市立美術館,高雄市,170709
2024_02,旗津風景區,高雄市,735622
2024_02,墾丁國家森林遊樂區,屏東縣,16397
2024_02,國立海洋生物博物館,屏東縣,71894
2024_02,墾丁海水浴場,屏東縣,13166
2024_02,駁二藝術特區,高雄市,2854632
2024_03,陽明山遊客中心,臺北市,67658
2024_03,陽明公園,臺北市,738390
2024_03,擎天崗,臺北市,56170
2024_03,國立故宮博物院,臺北市,171660
2024_03,淡水漁人碼頭,新北市,164174
2024_03,新北市立黃金博物館,新北市,91611
2024_03,國立自然科學博物館,臺中市,176960
2024_03,國立臺灣美術館(含美術園道商圈),臺中市,48680
2024_03,臺中國家歌劇院,臺中市,85465
2024_03,日月潭環潭區,南投縣,301747
2024_03,清境農場,南投縣,73896
2024_03,溪頭自然教育園區,南投縣,103630
2024_03,蓮池潭,高雄市,398418
2024_03,國立科學工藝博物館,高雄市,150139
2024_03,高雄市立美術館,高雄市,156898
2024_03,旗津風景區,高雄市,412435
2024_03,墾丁國家森林遊樂區,屏東縣,13432
2024_03,國立海洋生物博物館,屏東縣,50965
2024_03,墾丁海水浴場,屏東縣,16539
2024_03,駁二藝術特區,高雄市,526666
2024_04,陽明山遊客中心,臺北市,47400
2024_04,陽明公園,臺北市,569279
2024_04,擎天崗,臺北市,46006
2024_04,國立故宮博物院,臺北市,134904
2024_04,淡水漁人碼頭,新北市,123612
2024_04,新北市立黃金博物館,新北市,84697
2024_04,國立自然科學博物館,臺中市,224669
2024_04,國立臺灣美術館(含美術園道商圈),臺中市,62934
2024_04,臺中國家歌劇院,臺中市,107277
2024_04,日月潭環潭區,南投縣,214442
2024_04,清境農場,南投縣,44737
2024_04,溪頭自然教育園區,南投縣,96497
2024_04,蓮池潭,高雄市,394404
2024_04,國立科學工藝博物館,高雄市,188458
2024_04,高雄市立美術館,高雄市,134015
2024_04,旗津風景區,高雄市,391532
2024_04,墾丁國家森林遊樂區,屏東縣,13915
2024_04,國立海洋生物博物館,屏東縣,70354
2024_04,墾丁海水浴場,屏東縣,13364
2024_04,駁二藝術特區,高雄市,446104
2024_05,陽明山遊客中心,臺北市,56719
2024_05,陽明公園,臺北市,590482
2024_05,擎天崗,臺北市,57321
2024_05,國立故宮博物院,臺北市,138863
2024_05,淡水漁人碼頭,新北市,143043
2024_05,新北市立黃金博物館,新北市,82652
2024_05,國立自然科學博物館,臺中市,224182
2024_05,國立臺灣美術館(含美術園道商圈),臺中市,75504
2024_05,臺中國家歌劇院,臺中市,89265
2024_05,日月潭環潭區,南投縣,171033
2024_05,清境農場,南投縣,38478
2024_05,溪頭自然教育園區,南投縣,114419
2024_05,蓮池潭,高雄市,407824
2024_05,國立科學工藝博物館,高雄市,147771
2024_05,高雄市立美術館,高雄市,141839
2024_05,旗津風景區,高雄市,375432
2024_05,墾丁國家森林遊樂區,屏東縣,9123
2024_05,國立海洋生物博物館,屏東縣,61757
2024_05,墾丁海水浴場,屏東縣,12457
2024_05,駁二藝術特區,高雄市,493301
2024_06,陽明山遊客中心,臺北市,60705
2024_06,陽明公園,臺北市,560933
2024_06,擎天崗,臺北市,48851
2024_06,國立故宮博物院,臺北市,132141
2024_06,淡水漁人碼頭,新北市,140049
2024_06,新北市立黃金博物館,新北市,85502
2024_06,國立自然科學博物館,臺中市,226919
2024_06,國立臺灣美術館(含美術園道商圈),臺中市,66384
2024_06,臺中國家歌劇院,臺中市,107416
2024_06,日月潭環潭區,南投縣,148491
2024_06,清境農場,南投縣,47530
2024_06,溪頭自然教育園區,南投縣,134030
2024_06,蓮池潭,高雄市,378003
2024_06,國立科學工藝博物館,高雄市,201435
2024_06,高雄市立美術館,高雄市,136860
2024_06,旗津風景區,高雄市,359978
2024_06,墾丁國家森林遊樂區,屏東縣,11658
2024_06,國立海洋生物博物館,屏東縣,88739
2024_06,墾丁海水浴場,屏東縣,16390
2024_06,駁二藝術特區,高雄市,473884
2024_07,陽明山遊客中心,臺北市,63120
2024_07,陽明公園,臺北市,468844
2024_07,擎天崗,臺北市,59796
2024_07,國立故宮博物院,臺北市,135498
2024_07,淡水漁人碼頭,新北市,148513
2024_07,新北市立黃金博物館,新北市,89292
2024_07,國立自然科學博物館,臺中市,285743
2024_07,國立臺灣美術館(含美術園道商圈),臺中市,169308
2024_07,臺中國家歌劇院,臺中市,79297
2024_07,日月潭環潭區,南投縣,179557
2024_07,清境農場,南投縣,58795
2024_07,溪頭自然教育園區,南投縣,153114
2024_07,蓮池潭,高雄市,394397
2024_07,國立科學工藝博物館,高雄市,244844
2024_07,高雄市立美術館,高雄市,131526
2024_07,旗津風景區,高雄市,351888
2024_07,墾丁國家森林遊樂區,屏東縣,11021
2024_07,國立海洋生物博物館,屏東縣,116850
2024_07,墾丁海水浴場,屏東縣,13040
2024_07,駁二藝術特區,高雄市,460927
2024_08,陽明山遊客中心,臺北市,62988
2024_08,陽明公園,臺北市,497233
2024_08,擎天崗,臺北市,57214
2024_08,國立故宮博物院,臺北市,161104
2024_08,淡水漁人碼頭,新北市,162907
2024_08,新北市立黃金博物館,新北市,111572
2024_08,國立自然科學博物館,臺中市,300256
2024_08,國立臺灣美術館(含美術園道商圈),臺中市,100353
2024_08,臺中國家歌劇院,臺中市,87682
2024_08,日月潭環潭區,南投縣,222012
2024_08,清境農場,南投縣,98873
2024_08,溪頭自然教育園區,南投縣,151540
2024_08,蓮池潭,高雄市,400926
2024_08,國立科學工藝博物館,高雄市,241618
2024_08,高雄市立美術館,高雄市,123723
2024_08,旗津風景區,高雄市,332282
2024_08,墾丁國家森林遊樂區,屏東縣,10234
2024_08,國立海洋生物博物館,屏東縣,101849
2024_08,墾丁海水浴場,屏東縣,13438
2024_08,駁二藝術特區,高雄市,513633
2024_09,陽明山遊客中心,臺北市,51636
2024_09,陽明公園,臺北市,488439
2024_09,擎天崗,臺北市,47362
2024_09,國立故宮博物院,臺北市,133433
2024_09,淡水漁人碼頭,新北市,146277
2024_09,新北市立黃金博物館,新北市,81364
2024_09,國立自然科學博物館,臺中市,171855
2024_09,國立臺灣美術館(含美術園道商圈),臺中市,52096
2024_09,臺中國家歌劇院,臺中市,60369
2024_09,日月潭環潭區,南投縣,150569
2024_09,清境農場,南投縣,48326
2024_09,溪頭自然教育園區,南投縣,144848
2024_09,蓮池潭,高雄市,389521
2024_09,國立科學工藝博物館,高雄市,147463
2024_09,高雄市立美術館,高雄市,133226
2024_09,旗津風景區,高雄市,333936
2024_09,墾丁國家森林遊樂區,屏東縣,9354
2024_09,國立海洋生物博物館,屏東縣,63350
2024_09,墾丁海水浴場,屏東縣,12671
2024_09,駁二藝術特區,高雄市,455281
2024_10,陽明山遊客中心,臺北市,44061
2024_10,陽明公園,臺北市,530380
2024_10,擎天崗,臺北市,49351
2024_10,國立故宮博物院,臺北市,160396
2024_10,淡水漁人碼頭,新北市,133797
2024_10,新北市立黃金博物館,新北市,75993
2024_10,國立自然科學博物館,臺中市,170855
2024_10,國立臺灣美術館(含美術園道商圈),臺中市,47999
2024_10,臺中國家歌劇院,臺中市,66999
2024_10,日月潭環潭區,南投縣,225875
2024_10,清境農場,南投縣,55392
2024_10,溪頭自然教育園區,南投縣,124365
2024_10,蓮池潭,高雄市,537328
2024_10,國立科學工藝博物館,高雄市,230981
2024_10,高雄市立美術館,高雄市,151026
2024_10,旗津風景區,高雄市,366575
2024_10,墾丁國家森林遊樂區,屏東縣,12323
2024_10,國立海洋生物博物館,屏東縣,49497
2024_10,墾丁海水浴場,屏東縣,11238
2024_10,駁二藝術特區,高雄市,500663
2024_11,陽明山遊客中心,臺北市,48573
2024_11,陽明公園,臺北市,460048
2024_11,擎天崗,臺北市,50616
2024_11,國立故宮博物院,臺北市,180629
2024_11,淡水漁人碼頭,新北市,154906
2024_11,新北市立黃金博物館,新北市,76543
2024_11,國立自然科學博物館,臺中市,205843
2024_11,國立臺灣美術館(含美術園道商圈),臺中市,51244
2024_11,臺中國家歌劇院,臺中市,77931
2024_11,日月潭環潭區,南投縣,329384
2024_11,清境農場,南投縣,63580
2024_11,溪頭自然教育園區,南投縣,126465
2024_11,蓮池潭,高雄市,470607
2024_11,國立科學工藝博物館,高雄市,201599
2024_11,高雄市立美術館,高雄市,163124
2024_11,旗津風景區,高雄市,384417
2024_11,墾丁國家森林遊樂區,屏東縣,14116
2024_11,國立海洋生物博物館,屏東縣,47044
2024_11,墾丁海水浴場,屏東縣,12466
2024_11,駁二藝術特區,高雄市,558706
2024_12,陽明山遊客中心,臺北市,51078
2024_12,陽明公園,臺北市,438323
2024_12,擎天崗,臺北市,58532
2024_12,國立故宮博物院,臺北市,206682
2024_12,淡水漁人碼頭,新北市,166788
2024_12,新北市立黃金博物館,新北市,90851
2024_12,國立自然科學博物館,臺中市,191778
2024_12,國立臺灣美術館(含美術園道商圈),臺中市,48628
2024_12,臺中國家歌劇院,臺中市,99937
2024_12,日月潭環潭區,南投縣,216309
2024_12,清境農場,南投縣,80789
2024_12,溪頭自然教育園區,南投縣,117776
2024_12,蓮池潭,高雄市,513876
2024_12,國立科學工藝博物館,高雄市,153741
2024_12,高雄市立美術館,高雄市,171721
2024_12,旗津風景區,高雄市,398634
2024_12,墾丁國家森林遊樂區,屏東縣,15604
2024_12,國立海洋生物博物館,屏東縣,42953
2024_12,墾丁海水浴場,屏東縣,10920
2024_12,駁二藝術特區,高雄市,729569
